-- phpMyAdmin SQL Dump
-- version 5.1.0
-- https://www.phpmyadmin.net/
--
-- Host: 127.0.0.1
-- Generation Time: Feb 07, 2022 at 02:51 PM
-- Server version: 10.4.19-MariaDB
-- PHP Version: 7.3.28

SET SQL_MODE = "NO_AUTO_VALUE_ON_ZERO";
START TRANSACTION;
SET time_zone = "+00:00";


/*!40101 SET @OLD_CHARACTER_SET_CLIENT=@@CHARACTER_SET_CLIENT */;
/*!40101 SET @OLD_CHARACTER_SET_RESULTS=@@CHARACTER_SET_RESULTS */;
/*!40101 SET @OLD_COLLATION_CONNECTION=@@COLLATION_CONNECTION */;
/*!40101 SET NAMES utf8mb4 */;

--
-- Database: `siakad`
--

-- --------------------------------------------------------

--
-- Table structure for table `failed_jobs`
--

CREATE TABLE `failed_jobs` (
  `id` bigint(20) UNSIGNED NOT NULL,
  `connection` text COLLATE utf8mb4_unicode_ci NOT NULL,
  `queue` text COLLATE utf8mb4_unicode_ci NOT NULL,
  `payload` longtext COLLATE utf8mb4_unicode_ci NOT NULL,
  `exception` longtext COLLATE utf8mb4_unicode_ci NOT NULL,
  `failed_at` timestamp NOT NULL DEFAULT current_timestamp()
) ENGINE=InnoDB DEFAULT CHARSET=utf8mb4 COLLATE=utf8mb4_unicode_ci;

-- --------------------------------------------------------

--
-- Table structure for table `guru`
--

CREATE TABLE `guru` (
  `id` bigint(20) UNSIGNED NOT NULL,
  `nama_depan` varchar(255) COLLATE utf8mb4_unicode_ci DEFAULT NULL,
  `nama_belakang` varchar(255) COLLATE utf8mb4_unicode_ci DEFAULT NULL,
  `tempat_lahir` varchar(255) COLLATE utf8mb4_unicode_ci DEFAULT NULL,
  `tgl_lahir` date DEFAULT NULL,
  `jk` enum('L','P') COLLATE utf8mb4_unicode_ci DEFAULT NULL,
  `alamat` text COLLATE utf8mb4_unicode_ci DEFAULT NULL,
  `email` varchar(255) COLLATE utf8mb4_unicode_ci DEFAULT NULL,
  `no_telpon` varchar(255) COLLATE utf8mb4_unicode_ci DEFAULT NULL,
  `agama` enum('islam','budha','kristen','hindu','katolik') COLLATE utf8mb4_unicode_ci DEFAULT NULL,
  `golongan` varchar(255) COLLATE utf8mb4_unicode_ci DEFAULT NULL,
  `status` enum('aktif','tidak aktif') COLLATE utf8mb4_unicode_ci DEFAULT NULL,
  `mata_pelajaran_id` bigint(20) UNSIGNED NOT NULL,
  `user_id` bigint(20) UNSIGNED NOT NULL,
  `gambar` varchar(255) COLLATE utf8mb4_unicode_ci NOT NULL,
  `deleted_at` timestamp NULL DEFAULT NULL,
  `created_at` timestamp NULL DEFAULT NULL,
  `updated_at` timestamp NULL DEFAULT NULL
) ENGINE=InnoDB DEFAULT CHARSET=utf8mb4 COLLATE=utf8mb4_unicode_ci;

--
-- Dumping data for table `guru`
--

INSERT INTO `guru` (`id`, `nama_depan`, `nama_belakang`, `tempat_lahir`, `tgl_lahir`, `jk`, `alamat`, `email`, `no_telpon`, `agama`, `golongan`, `status`, `mata_pelajaran_id`, `user_id`, `gambar`, `deleted_at`, `created_at`, `updated_at`) VALUES
(8, 'ABDUL', 'ROSYID M.PD', 'SIDOARJO', '1991-11-22', 'L', 'KETAJEN RT.03 RW.01', 'rosyid@gmail.com', '6285785116888', 'islam', 'Tetap', 'aktif', 3, 91, 'asset/gambar/ywu3quEzWzgyFQiNmWl58eYE5ElLIwlXOAZaljpx.jpg', NULL, '2022-02-05 08:47:24', '2022-02-06 18:26:54'),
(9, 'SITI', 'MARIYAM S.HUM', 'SIDOARJO', '1991-06-01', 'P', NULL, 'Jl.Mawar Ketajen', '6281358165798', 'islam', 'Tetap', 'aktif', 18, 97, 'asset/gambar/Jxfc17bPjrAkUOxmCi7SEqlfsT7N9inGjRBdMkZJ.jpg', NULL, '2022-02-05 08:50:22', '2022-02-06 18:30:53'),
(10, 'M.', 'ZAKARIA', 'JOMBANG', '1996-12-11', 'L', 'JL. BOUGENVILLE KETAJEN', 'zaka@gmail.com', '6287862453443', 'islam', 'Tetap', 'aktif', 13, 92, 'assets/gambar/YYJS0VujkRHmPZpHVtFomQXEZ1AqmYsHhlhZKpdJ.jpg', NULL, '2022-02-05 08:52:45', '2022-02-05 08:52:45'),
(11, 'KHURI AININ', 'ARDILAH S.PD', 'SIDOARJO', '1996-04-27', 'P', 'bulang rt.18 rw 05 kloposepuluh', 'khuri@gmail.com', '\'6289681739096', 'islam', 'Tetap', 'aktif', 2, 94, 'asset/gambar/N5Cuxz7ymU4xgXfvtSrZHi8naOQFdf7WjdiMDqU5.jpg', NULL, '2022-02-05 08:55:50', '2022-02-06 18:27:47'),
(12, 'RATNA', 'MAULIDIYAH', 'SIDOARJO', '2000-06-20', 'P', 'ngudi 02/04 punggul', 'ratna@gmail.com', '62881026620709', 'islam', 'Tetap', 'aktif', 5, 93, 'asset/gambar/8qisPyW7y1ORaljmZAOee34JxOoxhNCggPLNBHkm.jpg', NULL, '2022-02-05 08:58:23', '2022-02-06 18:29:58'),
(13, 'AMSAL', 'MASITHA S.PD', 'SIDOARJO', '1996-09-10', 'P', 'JL. TUMAPEL KETAJEN', 'amsal@gmail.com', '6285785509283', 'islam', 'Tetap', 'aktif', 9, 100, 'asset/gambar/PvbUGV6kyCIN8DvohdkzZ3TmP8zYAkz9foHjGvj2.jpg', NULL, '2022-02-05 09:03:42', '2022-02-06 18:27:15'),
(14, 'ZAFIRA', 'AL TIBIYAH S.PD', 'SIDOARJO', '1997-12-23', 'P', 'GISIKCEMANDI SEDATI', 'zafira@gmail.com', '\'62895364836875', 'islam', 'Tetap', 'aktif', 11, 95, 'asset/gambar/Q14v56WvN6UNcslddrajcGNaRfbpcC60PARNeBOl.jpg', NULL, '2022-02-05 09:06:40', '2022-02-06 18:31:26'),
(15, 'RIZQI AULIA', 'ARIYANTI S.PD', 'SIDOARJO', '1998-06-05', 'P', 'PEPE 02/01 SEDATI', 'risky@gmail.com', '6287864604466', 'islam', 'Tetap', 'aktif', 10, 96, 'asset/gambar/GDgnWaOeUP0Qo3wL2IiBTQUJ1idyzogUqoWLjDWn.jpg', NULL, '2022-02-05 09:11:56', '2022-02-06 18:30:23'),
(16, 'MOCHAMAD', 'KHOZIN', 'SIDOARJO', '1997-03-23', 'L', 'Jl. teratai Ketajen', 'khozin698@gmail.com', '0895397267970', 'islam', 'Tetap', 'aktif', 4, 99, 'asset/gambar/9bxSzVq66404iowaE0jTmbXE8j90oJR85AxpeHpg.jpg', NULL, '2022-02-05 09:15:59', '2022-02-06 18:28:26'),
(17, 'NUR ISNAINY', 'HIDAYATI S.PD', 'SIDOARJO', '1999-07-19', 'P', 'TAMBAK REJO 03/02 WARU', 'neny@gmail.com', '6285785509283', 'islam', 'Tetap', 'aktif', 12, 98, 'asset/gambar/YblqyIVcp1dx8TrdRhg5fmNZyQe8TlNW6KQCLtJf.jpg', NULL, '2022-02-05 09:20:36', '2022-02-06 18:29:26'),
(18, 'MUTIMMATUL', 'HIDAYAH', 'TUBAN', '1999-08-08', 'P', 'JL. GANG BUNTU KWANGSAN SEDATI', 'hidayah@gmail.com', '\'6281330424566', 'islam', 'Tetap', 'aktif', 21, 101, 'asset/gambar/YCzi9fBtmv30InPgHfOmK37MiwbRmGSDAJuAwxzb.jpg', NULL, '2022-02-05 09:23:33', '2022-02-06 18:28:55');

-- --------------------------------------------------------

--
-- Table structure for table `hari`
--

CREATE TABLE `hari` (
  `id` bigint(20) UNSIGNED NOT NULL,
  `hari` varchar(255) COLLATE utf8mb4_unicode_ci NOT NULL,
  `deleted_at` timestamp NULL DEFAULT NULL,
  `created_at` timestamp NULL DEFAULT NULL,
  `updated_at` timestamp NULL DEFAULT NULL
) ENGINE=InnoDB DEFAULT CHARSET=utf8mb4 COLLATE=utf8mb4_unicode_ci;

--
-- Dumping data for table `hari`
--

INSERT INTO `hari` (`id`, `hari`, `deleted_at`, `created_at`, `updated_at`) VALUES
(1, 'Senin', NULL, '2022-02-01 14:06:17', '2022-02-01 14:06:17'),
(2, 'selasa', NULL, '2022-02-01 14:06:40', '2022-02-01 14:06:40'),
(3, 'rabu', NULL, '2022-02-01 14:06:49', '2022-02-01 14:06:49'),
(4, 'kamis', NULL, '2022-02-01 14:06:57', '2022-02-01 14:06:57'),
(5, 'jumat', NULL, '2022-02-01 14:07:05', '2022-02-01 14:07:05');

-- --------------------------------------------------------

--
-- Table structure for table `hasil_pembelajaran`
--

CREATE TABLE `hasil_pembelajaran` (
  `id` bigint(20) UNSIGNED NOT NULL,
  `jadwal_siswa_id` bigint(20) UNSIGNED NOT NULL,
  `tugas` int(11) NOT NULL,
  `uts` int(11) NOT NULL,
  `uas` int(11) NOT NULL,
  `rata` int(11) NOT NULL,
  `deleted_at` timestamp NULL DEFAULT NULL,
  `created_at` timestamp NULL DEFAULT NULL,
  `updated_at` timestamp NULL DEFAULT NULL
) ENGINE=InnoDB DEFAULT CHARSET=utf8mb4 COLLATE=utf8mb4_unicode_ci;

--
-- Dumping data for table `hasil_pembelajaran`
--

INSERT INTO `hasil_pembelajaran` (`id`, `jadwal_siswa_id`, `tugas`, `uts`, `uas`, `rata`, `deleted_at`, `created_at`, `updated_at`) VALUES
(2, 4, 80, 80, 90, 84, NULL, '2022-02-05 12:51:04', '2022-02-05 12:51:04'),
(3, 11, 80, 80, 70, 76, NULL, '2022-02-06 19:02:46', '2022-02-06 19:02:46'),
(4, 18, 90, 80, 70, 79, NULL, '2022-02-06 19:03:01', '2022-02-06 19:03:01'),
(5, 25, 70, 90, 90, 85, NULL, '2022-02-06 19:03:15', '2022-02-06 19:03:15'),
(6, 32, 90, 90, 90, 90, NULL, '2022-02-06 19:03:27', '2022-02-06 19:03:27'),
(7, 100, 88, 90, 80, 86, NULL, '2022-02-07 03:30:00', '2022-02-07 03:30:00'),
(8, 151, 78, 89, 80, 83, NULL, '2022-02-07 03:30:17', '2022-02-07 03:30:17'),
(9, 186, 89, 90, 88, 89, NULL, '2022-02-07 03:30:32', '2022-02-07 03:30:32'),
(10, 278, 78, 79, 90, 83, NULL, '2022-02-07 03:31:16', '2022-02-07 03:31:16'),
(11, 308, 90, 89, 90, 90, NULL, '2022-02-07 03:31:32', '2022-02-07 03:31:32'),
(12, 338, 78, 89, 90, 87, NULL, '2022-02-07 03:31:56', '2022-02-07 03:31:56'),
(13, 368, 90, 80, 90, 87, NULL, '2022-02-07 03:32:15', '2022-02-07 03:32:15'),
(14, 59, 89, 90, 90, 90, NULL, '2022-02-07 03:33:15', '2022-02-07 03:33:15'),
(15, 84, 89, 90, 88, 89, NULL, '2022-02-07 03:33:35', '2022-02-07 03:33:35'),
(16, 58, 89, 90, 78, 85, NULL, '2022-02-07 03:34:04', '2022-02-07 03:34:04'),
(17, 83, 88, 90, 100, 94, NULL, '2022-02-07 03:34:24', '2022-02-07 03:34:24'),
(18, 110, 78, 90, 90, 87, NULL, '2022-02-07 03:36:24', '2022-02-07 03:36:24'),
(19, 168, 90, 88, 90, 89, NULL, '2022-02-07 03:36:45', '2022-02-07 03:36:45'),
(20, 199, 89, 87, 70, 81, NULL, '2022-02-07 03:37:15', '2022-02-07 03:37:15'),
(21, 229, 90, 89, 70, 82, NULL, '2022-02-07 03:37:29', '2022-02-07 03:37:29'),
(22, 261, 89, 90, 80, 86, NULL, '2022-02-07 03:37:49', '2022-02-07 03:37:49'),
(23, 108, 89, 90, 80, 86, NULL, '2022-02-07 03:38:50', '2022-02-07 03:38:50'),
(24, 170, 78, 90, 80, 83, NULL, '2022-02-07 03:39:06', '2022-02-07 03:39:06'),
(25, 201, 89, 90, 88, 89, NULL, '2022-02-07 03:39:24', '2022-02-07 03:39:24'),
(26, 109, 89, 90, 90, 90, NULL, '2022-02-07 04:42:54', '2022-02-07 04:42:54'),
(27, 169, 78, 78, 89, 82, NULL, '2022-02-07 04:43:11', '2022-02-07 04:43:11'),
(28, 39, 70, 80, 90, 82, NULL, '2022-02-07 04:44:31', '2022-02-07 04:44:31'),
(29, 73, 89, 90, 100, 94, NULL, '2022-02-07 04:44:50', '2022-02-07 04:44:50'),
(30, 99, 89, 90, 80, 86, NULL, '2022-02-07 04:45:18', '2022-02-07 04:45:18'),
(31, 150, 90, 89, 80, 86, NULL, '2022-02-07 04:45:53', '2022-02-07 04:45:53'),
(32, 185, 76, 80, 90, 83, NULL, '2022-02-07 04:46:12', '2022-02-07 04:46:12'),
(33, 245, 80, 90, 90, 88, NULL, '2022-02-07 04:50:19', '2022-02-07 04:50:19'),
(34, 277, 70, 89, 80, 81, NULL, '2022-02-07 04:50:49', '2022-02-07 04:50:49'),
(35, 307, 80, 90, 70, 80, NULL, '2022-02-07 04:53:59', '2022-02-07 04:53:59'),
(36, 101, 70, 80, 90, 82, NULL, '2022-02-07 04:55:06', '2022-02-07 04:55:06'),
(37, 154, 90, 80, 70, 79, NULL, '2022-02-07 04:55:25', '2022-02-07 04:55:25'),
(38, 182, 90, 90, 80, 86, NULL, '2022-02-07 04:55:52', '2022-02-07 04:55:52'),
(39, 8, 90, 70, 80, 79, NULL, '2022-02-07 04:57:20', '2022-02-07 04:57:20'),
(40, 15, 70, 80, 90, 82, NULL, '2022-02-07 04:58:03', '2022-02-07 04:58:03'),
(41, 22, 70, 80, 90, 82, NULL, '2022-02-07 04:58:20', '2022-02-07 04:58:20'),
(42, 29, 90, 80, 80, 83, NULL, '2022-02-07 04:58:48', '2022-02-07 04:58:48'),
(43, 36, 70, 80, 89, 81, NULL, '2022-02-07 04:59:56', '2022-02-07 04:59:56'),
(44, 125, 80, 90, 80, 84, NULL, '2022-02-07 05:00:51', '2022-02-07 05:00:51'),
(45, 171, 90, 80, 70, 79, NULL, '2022-02-07 05:01:05', '2022-02-07 05:01:05'),
(46, 202, 80, 70, 90, 81, NULL, '2022-02-07 05:01:24', '2022-02-07 05:01:24'),
(47, 232, 80, 90, 89, 87, NULL, '2022-02-07 05:01:41', '2022-02-07 05:01:41'),
(48, 264, 80, 90, 80, 84, NULL, '2022-02-07 05:02:01', '2022-02-07 05:02:01'),
(49, 295, 90, 80, 70, 79, NULL, '2022-02-07 05:02:26', '2022-02-07 05:02:26'),
(50, 325, 90, 80, 70, 79, NULL, '2022-02-07 05:02:50', '2022-02-07 05:02:50'),
(51, 355, 80, 90, 89, 87, NULL, '2022-02-07 05:03:09', '2022-02-07 05:03:09'),
(52, 385, 90, 80, 89, 86, NULL, '2022-02-07 05:03:27', '2022-02-07 05:03:27'),
(53, 5, 89, 90, 80, 86, NULL, '2022-02-07 05:04:18', '2022-02-07 05:04:18'),
(54, 12, 90, 90, 89, 90, NULL, '2022-02-07 05:04:33', '2022-02-07 05:04:33'),
(55, 19, 80, 90, 70, 80, NULL, '2022-02-07 05:04:50', '2022-02-07 05:04:50'),
(56, 26, 90, 70, 80, 79, NULL, '2022-02-07 05:05:08', '2022-02-07 05:05:08'),
(57, 33, 80, 70, 80, 77, NULL, '2022-02-07 05:05:23', '2022-02-07 05:05:23'),
(58, 41, 80, 90, 70, 80, NULL, '2022-02-07 05:05:54', '2022-02-07 05:05:54'),
(59, 76, 80, 90, 70, 80, NULL, '2022-02-07 05:06:10', '2022-02-07 05:06:10'),
(60, 122, 90, 90, 80, 86, NULL, '2022-02-07 07:59:59', '2022-02-07 07:59:59'),
(61, 176, 80, 90, 78, 83, NULL, '2022-02-07 08:00:14', '2022-02-07 08:00:14'),
(62, 207, 98, 90, 80, 88, NULL, '2022-02-07 08:00:29', '2022-02-07 08:00:29'),
(63, 237, 90, 80, 80, 83, NULL, '2022-02-07 08:00:48', '2022-02-07 08:00:48'),
(64, 269, 90, 78, 80, 82, NULL, '2022-02-07 08:01:08', '2022-02-07 08:01:08'),
(65, 129, 80, 90, 80, 84, NULL, '2022-02-07 08:01:29', '2022-02-07 08:01:29'),
(66, 152, 80, 90, 90, 88, NULL, '2022-02-07 08:01:46', '2022-02-07 08:01:46'),
(67, 242, 90, 80, 90, 87, NULL, '2022-02-07 08:02:04', '2022-02-07 08:02:04'),
(68, 274, 90, 80, 70, 79, NULL, '2022-02-07 08:02:19', '2022-02-07 08:02:19'),
(69, 124, 90, 80, 90, 87, NULL, '2022-02-07 08:03:29', '2022-02-07 08:03:29'),
(70, 174, 90, 80, 90, 87, NULL, '2022-02-07 08:03:43', '2022-02-07 08:03:43'),
(71, 205, 80, 80, 90, 84, NULL, '2022-02-07 08:06:19', '2022-02-07 08:06:19'),
(72, 235, 90, 90, 90, 90, NULL, '2022-02-07 08:06:35', '2022-02-07 08:06:35'),
(73, 267, 90, 80, 90, 87, NULL, '2022-02-07 08:06:53', '2022-02-07 08:06:53'),
(74, 119, 90, 90, 80, 86, NULL, '2022-02-07 08:07:25', '2022-02-07 08:07:25'),
(75, 179, 90, 80, 90, 87, NULL, '2022-02-07 08:07:39', '2022-02-07 08:07:39'),
(76, 210, 90, 80, 90, 87, NULL, '2022-02-07 08:07:52', '2022-02-07 08:07:52'),
(77, 240, 90, 80, 90, 87, NULL, '2022-02-07 08:08:06', '2022-02-07 08:08:06'),
(78, 272, 90, 80, 80, 83, NULL, '2022-02-07 08:08:20', '2022-02-07 08:08:20'),
(79, 128, 90, 80, 90, 87, NULL, '2022-02-07 08:08:43', '2022-02-07 08:08:43'),
(80, 153, 90, 80, 80, 83, NULL, '2022-02-07 08:09:14', '2022-02-07 08:09:14'),
(81, 243, 90, 80, 80, 83, NULL, '2022-02-07 08:09:31', '2022-02-07 08:09:31'),
(82, 275, 90, 89, 88, 89, NULL, '2022-02-07 08:09:51', '2022-02-07 08:09:51'),
(83, 123, 80, 90, 80, 84, NULL, '2022-02-07 08:10:25', '2022-02-07 08:10:25'),
(84, 175, 90, 90, 89, 90, NULL, '2022-02-07 08:10:42', '2022-02-07 08:10:42'),
(85, 206, 90, 80, 80, 83, NULL, '2022-02-07 08:10:57', '2022-02-07 08:10:57'),
(86, 236, 90, 80, 89, 86, NULL, '2022-02-07 08:11:17', '2022-02-07 08:11:17'),
(87, 268, 89, 80, 80, 82, NULL, '2022-02-07 08:11:33', '2022-02-07 08:11:33'),
(88, 118, 90, 80, 88, 86, NULL, '2022-02-07 08:11:56', '2022-02-07 08:11:56'),
(89, 180, 90, 88, 90, 89, NULL, '2022-02-07 08:12:14', '2022-02-07 08:12:14'),
(90, 211, 90, 88, 90, 89, NULL, '2022-02-07 08:12:29', '2022-02-07 08:12:29'),
(91, 241, 88, 90, 90, 90, NULL, '2022-02-07 08:12:50', '2022-02-07 08:12:50'),
(92, 273, 90, 88, 90, 89, NULL, '2022-02-07 08:13:14', '2022-02-07 08:13:14'),
(93, 120, 90, 88, 80, 85, NULL, '2022-02-07 08:13:44', '2022-02-07 08:13:44'),
(94, 178, 90, 88, 90, 89, NULL, '2022-02-07 08:14:06', '2022-02-07 08:14:06'),
(95, 209, 90, 88, 78, 85, NULL, '2022-02-07 08:14:24', '2022-02-07 08:14:24'),
(96, 239, 90, 88, 67, 80, NULL, '2022-02-07 08:14:41', '2022-02-07 08:14:41'),
(97, 271, 90, 88, 90, 89, NULL, '2022-02-07 08:14:55', '2022-02-07 08:14:55'),
(98, 121, 90, 88, 90, 89, NULL, '2022-02-07 08:15:22', '2022-02-07 08:15:22'),
(99, 177, 90, 88, 78, 85, NULL, '2022-02-07 08:15:47', '2022-02-07 08:15:47'),
(100, 208, 90, 88, 78, 85, NULL, '2022-02-07 08:16:02', '2022-02-07 08:16:02'),
(101, 238, 90, 88, 90, 89, NULL, '2022-02-07 08:16:20', '2022-02-07 08:16:20'),
(102, 270, 90, 88, 90, 89, NULL, '2022-02-07 08:16:38', '2022-02-07 08:16:38'),
(103, 215, 90, 80, 90, 87, NULL, '2022-02-07 08:20:26', '2022-02-07 08:20:26'),
(104, 247, 90, 90, 80, 86, NULL, '2022-02-07 08:20:40', '2022-02-07 08:20:40'),
(105, 103, 90, 80, 90, 87, NULL, '2022-02-07 08:21:01', '2022-02-07 08:21:01'),
(106, 156, 90, 90, 90, 90, NULL, '2022-02-07 08:21:13', '2022-02-07 08:21:13'),
(107, 183, 80, 90, 80, 84, NULL, '2022-02-07 08:21:43', '2022-02-07 08:21:43'),
(108, 217, 90, 80, 80, 83, NULL, '2022-02-07 08:22:47', '2022-02-07 08:22:47'),
(109, 249, 90, 90, 90, 90, NULL, '2022-02-07 08:23:02', '2022-02-07 08:23:02'),
(110, 104, 90, 80, 90, 87, NULL, '2022-02-07 08:24:24', '2022-02-07 08:24:24'),
(111, 157, 90, 88, 90, 89, NULL, '2022-02-07 08:24:35', '2022-02-07 08:24:35'),
(112, 188, 90, 88, 78, 85, NULL, '2022-02-07 08:24:52', '2022-02-07 08:24:52'),
(113, 218, 88, 90, 76, 84, NULL, '2022-02-07 08:25:16', '2022-02-07 08:25:16'),
(114, 250, 90, 88, 78, 85, NULL, '2022-02-07 08:25:34', '2022-02-07 08:25:34'),
(115, 105, 90, 88, 76, 84, NULL, '2022-02-07 08:26:13', '2022-02-07 08:26:13'),
(116, 158, 90, 89, 88, 89, NULL, '2022-02-07 08:26:31', '2022-02-07 08:26:31'),
(117, 189, 89, 90, 78, 85, NULL, '2022-02-07 08:26:45', '2022-02-07 08:26:45'),
(118, 219, 88, 90, 88, 89, NULL, '2022-02-07 08:26:58', '2022-02-07 08:26:58'),
(119, 251, 88, 90, 90, 90, NULL, '2022-02-07 08:27:28', '2022-02-07 08:27:28'),
(120, 102, 90, 88, 98, 93, NULL, '2022-02-07 08:28:04', '2022-02-07 08:28:04'),
(121, 155, 90, 88, 90, 89, NULL, '2022-02-07 08:28:28', '2022-02-07 08:28:28'),
(122, 187, 90, 88, 90, 89, NULL, '2022-02-07 08:28:42', '2022-02-07 08:28:42'),
(123, 216, 90, 88, 90, 89, NULL, '2022-02-07 08:28:53', '2022-02-07 08:28:53'),
(124, 248, 90, 88, 76, 84, NULL, '2022-02-07 08:29:05', '2022-02-07 08:29:05'),
(125, 299, 88, 98, 76, 87, NULL, '2022-02-07 08:29:46', '2022-02-07 08:29:46'),
(126, 329, 98, 9, 88, 63, NULL, '2022-02-07 08:30:00', '2022-02-07 08:30:00'),
(127, 359, 90, 90, 88, 89, NULL, '2022-02-07 08:30:15', '2022-02-07 08:30:15'),
(128, 389, 98, 78, 88, 87, NULL, '2022-02-07 08:30:33', '2022-02-07 08:30:33'),
(129, 419, 78, 88, 90, 86, NULL, '2022-02-07 08:31:45', '2022-02-07 08:31:45'),
(130, 300, 90, 88, 90, 89, NULL, '2022-02-07 08:32:35', '2022-02-07 08:32:35'),
(131, 330, 90, 90, 90, 90, NULL, '2022-02-07 08:32:48', '2022-02-07 08:32:48'),
(132, 360, 78, 88, 90, 86, NULL, '2022-02-07 08:33:44', '2022-02-07 08:33:44'),
(133, 390, 89, 88, 76, 83, NULL, '2022-02-07 08:34:16', '2022-02-07 08:34:16'),
(134, 420, 89, 88, 90, 89, NULL, '2022-02-07 08:34:52', '2022-02-07 08:34:52'),
(135, 305, 90, 90, 98, 93, NULL, '2022-02-07 08:35:52', '2022-02-07 08:35:52'),
(136, 335, 89, 78, 90, 86, NULL, '2022-02-07 08:44:28', '2022-02-07 08:44:28'),
(137, 365, 90, 88, 90, 89, NULL, '2022-02-07 08:44:37', '2022-02-07 08:44:37'),
(138, 395, 90, 88, 90, 89, NULL, '2022-02-07 08:44:52', '2022-02-07 08:44:52'),
(139, 425, 90, 88, 76, 84, NULL, '2022-02-07 08:45:02', '2022-02-07 08:45:02'),
(140, 301, 90, 90, 89, 90, NULL, '2022-02-07 08:45:18', '2022-02-07 08:45:18'),
(141, 331, 98, 76, 67, 78, NULL, '2022-02-07 08:45:28', '2022-02-07 08:45:28'),
(142, 361, 98, 89, 87, 90, NULL, '2022-02-07 08:45:37', '2022-02-07 08:45:37'),
(143, 391, 89, 78, 98, 89, NULL, '2022-02-07 08:45:46', '2022-02-07 08:45:46'),
(144, 421, 90, 87, 78, 84, NULL, '2022-02-07 08:45:54', '2022-02-07 08:45:54'),
(145, 303, 80, 76, 78, 78, NULL, '2022-02-07 08:46:12', '2022-02-07 08:46:12'),
(146, 333, 98, 89, 90, 92, NULL, '2022-02-07 08:46:39', '2022-02-07 08:46:39'),
(147, 363, 90, 87, 76, 83, NULL, '2022-02-07 08:46:48', '2022-02-07 08:46:48'),
(148, 393, 90, 89, 88, 89, NULL, '2022-02-07 08:46:57', '2022-02-07 08:46:57'),
(149, 423, 98, 90, 88, 91, NULL, '2022-02-07 08:47:05', '2022-02-07 08:47:05'),
(150, 10, 90, 80, 89, 86, NULL, '2022-02-07 09:14:12', '2022-02-07 09:14:12'),
(151, 24, 67, 90, 80, 80, NULL, '2022-02-07 09:14:28', '2022-02-07 09:14:28');

-- --------------------------------------------------------

--
-- Table structure for table `jadwal`
--

CREATE TABLE `jadwal` (
  `id` bigint(20) UNSIGNED NOT NULL,
  `mata_pelajaran_id` bigint(20) UNSIGNED NOT NULL,
  `tingkat` int(11) NOT NULL,
  `kelas_id` bigint(20) UNSIGNED NOT NULL,
  `guru_id` bigint(20) UNSIGNED NOT NULL,
  `hari_id` bigint(20) UNSIGNED NOT NULL,
  `semester_id` bigint(20) UNSIGNED NOT NULL,
  `jam_mulai` time NOT NULL,
  `jam_selsai` time NOT NULL,
  `deleted_at` timestamp NULL DEFAULT NULL,
  `created_at` timestamp NULL DEFAULT NULL,
  `updated_at` timestamp NULL DEFAULT NULL
) ENGINE=InnoDB DEFAULT CHARSET=utf8mb4 COLLATE=utf8mb4_unicode_ci;

--
-- Dumping data for table `jadwal`
--

INSERT INTO `jadwal` (`id`, `mata_pelajaran_id`, `tingkat`, `kelas_id`, `guru_id`, `hari_id`, `semester_id`, `jam_mulai`, `jam_selsai`, `deleted_at`, `created_at`, `updated_at`) VALUES
(5, 2, 1, 3, 11, 1, 3, '10:30:00', '11:30:00', NULL, '2022-02-05 09:41:11', '2022-02-05 09:41:11'),
(6, 21, 1, 3, 18, 1, 3, '07:30:00', '08:30:00', NULL, '2022-02-05 09:42:04', '2022-02-05 09:42:04'),
(7, 22, 1, 3, 10, 1, 3, '08:30:00', '08:45:00', NULL, '2022-02-05 09:43:55', '2022-02-05 09:43:55'),
(8, 3, 1, 3, 8, 1, 3, '09:15:00', '09:45:00', NULL, '2022-02-05 09:45:17', '2022-02-05 09:45:17'),
(9, 4, 1, 3, 16, 1, 3, '08:45:00', '09:15:00', NULL, '2022-02-05 09:46:11', '2022-02-05 09:46:11'),
(10, 22, 1, 3, 10, 1, 3, '10:15:00', '10:30:00', NULL, '2022-02-05 09:46:55', '2022-02-05 09:46:55'),
(11, 23, 1, 3, 11, 1, 3, '11:30:00', '12:00:00', NULL, '2022-02-05 09:47:59', '2022-02-05 09:47:59'),
(12, 21, 1, 3, 18, 2, 3, '07:30:00', '08:30:00', NULL, '2022-02-05 10:54:34', '2022-02-05 10:54:34'),
(13, 22, 1, 3, 10, 2, 3, '08:30:00', '08:45:00', NULL, '2022-02-05 10:55:38', '2022-02-05 10:55:38'),
(14, 5, 1, 3, 12, 2, 3, '08:45:00', '09:15:00', NULL, '2022-02-05 10:57:06', '2022-02-05 10:57:06'),
(15, 18, 1, 3, 9, 2, 3, '09:15:00', '09:45:00', NULL, '2022-02-05 10:58:27', '2022-02-05 10:58:27'),
(16, 2, 1, 3, 11, 2, 3, '09:45:00', '10:15:00', NULL, '2022-02-05 10:59:32', '2022-02-05 10:59:32'),
(17, 2, 1, 3, 11, 2, 3, '10:30:00', '11:30:00', NULL, '2022-02-05 11:00:40', '2022-02-05 11:00:40'),
(18, 23, 1, 3, 11, 2, 3, '11:30:00', '12:00:00', NULL, '2022-02-05 11:01:10', '2022-02-05 11:01:10'),
(19, 21, 1, 3, 18, 3, 3, '07:30:00', '08:30:00', NULL, '2022-02-05 11:03:36', '2022-02-05 11:03:36'),
(20, 22, 1, 3, 10, 3, 3, '08:30:00', '08:45:00', NULL, '2022-02-05 11:05:19', '2022-02-05 11:05:19'),
(21, 13, 1, 3, 10, 3, 3, '08:45:00', '09:45:00', NULL, '2022-02-05 11:07:32', '2022-02-05 11:07:32'),
(22, 2, 1, 3, 11, 3, 3, '09:45:00', '10:15:00', NULL, '2022-02-05 11:10:32', '2022-02-05 11:10:32'),
(23, 22, 1, 3, 10, 3, 3, '10:15:00', '10:30:00', NULL, '2022-02-05 11:17:37', '2022-02-05 11:17:37'),
(24, 2, 1, 3, 11, 3, 3, '10:30:00', '11:30:00', NULL, '2022-02-05 11:18:27', '2022-02-05 11:18:27'),
(25, 23, 1, 3, 11, 3, 3, '11:30:00', '12:00:00', NULL, '2022-02-05 11:19:13', '2022-02-05 11:19:13'),
(26, 21, 1, 3, 18, 4, 3, '07:30:00', '08:30:00', NULL, '2022-02-05 15:04:39', '2022-02-05 15:04:39'),
(27, 22, 1, 3, 10, 4, 3, '08:30:00', '08:45:00', NULL, '2022-02-05 15:05:23', '2022-02-05 15:05:23'),
(28, 2, 1, 3, 11, 4, 3, '08:45:00', '09:15:00', NULL, '2022-02-05 15:06:27', '2022-02-05 15:06:27'),
(29, 5, 1, 3, 12, 4, 3, '09:15:00', '09:45:00', NULL, '2022-02-05 15:08:12', '2022-02-05 15:08:12'),
(30, 2, 1, 3, 11, 4, 3, '09:45:00', '10:15:00', NULL, '2022-02-05 15:10:34', '2022-02-05 15:10:34'),
(31, 22, 1, 3, 10, 4, 3, '10:15:00', '10:30:00', NULL, '2022-02-05 15:11:16', '2022-02-05 15:11:16'),
(32, 2, 1, 3, 11, 4, 3, '10:30:00', '11:30:00', NULL, '2022-02-05 15:13:15', '2022-02-05 15:13:15'),
(33, 23, 1, 3, 11, 4, 3, '11:30:00', '12:00:00', NULL, '2022-02-05 15:13:52', '2022-02-05 15:13:52'),
(34, 21, 1, 3, 18, 5, 3, '07:30:00', '08:30:00', NULL, '2022-02-05 15:15:18', '2022-02-05 15:15:18'),
(35, 22, 1, 3, 10, 5, 3, '08:30:00', '08:45:00', NULL, '2022-02-05 15:16:17', '2022-02-05 15:16:17'),
(36, 2, 1, 3, 11, 5, 3, '08:45:00', '10:45:00', NULL, '2022-02-05 15:18:22', '2022-02-05 15:18:22'),
(37, 24, 2, 4, 17, 1, 3, '07:30:00', '08:30:00', NULL, '2022-02-06 07:55:42', '2022-02-06 07:55:42'),
(38, 22, 2, 4, 10, 1, 3, '08:30:00', '08:45:00', NULL, '2022-02-06 07:56:47', '2022-02-06 07:56:47'),
(39, 8, 2, 4, 12, 1, 3, '08:45:00', '09:15:00', NULL, '2022-02-06 07:58:50', '2022-02-06 07:58:50'),
(40, 10, 2, 4, 15, 1, 3, '09:15:00', '10:15:00', NULL, '2022-02-06 08:00:19', '2022-02-06 08:00:19'),
(41, 22, 2, 4, 10, 1, 3, '10:15:00', '10:30:00', NULL, '2022-02-06 08:01:22', '2022-02-06 08:01:22'),
(42, 10, 2, 4, 15, 1, 3, '10:30:00', '11:30:00', NULL, '2022-02-06 08:02:06', '2022-02-06 08:02:06'),
(43, 23, 2, 4, 15, 1, 3, '11:30:00', '12:00:00', NULL, '2022-02-06 08:03:41', '2022-02-06 08:03:41'),
(44, 24, 2, 4, 17, 2, 3, '07:30:00', '08:30:00', NULL, '2022-02-06 08:04:56', '2022-02-06 08:04:56'),
(45, 22, 2, 4, 10, 2, 3, '08:30:00', '08:45:00', NULL, '2022-02-06 08:05:55', '2022-02-06 08:05:55'),
(46, 14, 2, 4, 10, 2, 3, '08:45:00', '09:45:00', NULL, '2022-02-06 08:08:00', '2022-02-06 08:08:00'),
(47, 10, 2, 4, 15, 2, 3, '09:45:00', '10:15:00', NULL, '2022-02-06 08:09:32', '2022-02-06 08:09:32'),
(48, 22, 2, 4, 10, 2, 3, '10:15:00', '10:30:00', NULL, '2022-02-06 08:23:46', '2022-02-06 08:23:46'),
(49, 10, 2, 4, 15, 2, 3, '10:30:00', '11:00:00', NULL, '2022-02-06 08:26:36', '2022-02-06 08:26:36'),
(50, 8, 2, 4, 12, 2, 3, '11:00:00', '11:30:00', NULL, '2022-02-06 08:29:54', '2022-02-06 08:29:54'),
(51, 23, 2, 4, 15, 2, 3, '11:30:00', '12:00:00', NULL, '2022-02-06 08:30:44', '2022-02-06 08:30:44'),
(52, 24, 2, 4, 17, 3, 3, '07:30:00', '08:30:00', NULL, '2022-02-06 08:34:23', '2022-02-06 08:34:23'),
(53, 22, 2, 4, 10, 3, 3, '08:30:00', '08:45:00', NULL, '2022-02-06 08:35:00', '2022-02-06 08:35:00'),
(54, 4, 2, 4, 16, 3, 3, '08:45:00', '09:15:00', NULL, '2022-02-06 08:35:59', '2022-02-06 08:35:59'),
(55, 10, 2, 4, 15, 3, 3, '09:15:00', '10:15:00', NULL, '2022-02-06 08:36:52', '2022-02-06 08:36:52'),
(56, 22, 2, 4, 10, 3, 3, '10:15:00', '10:30:00', NULL, '2022-02-06 08:37:57', '2022-02-06 08:37:57'),
(57, 10, 2, 4, 15, 3, 3, '10:30:00', '11:30:00', NULL, '2022-02-06 08:38:40', '2022-02-06 08:38:40'),
(58, 23, 2, 4, 15, 3, 3, '11:30:00', '12:00:00', NULL, '2022-02-06 09:03:09', '2022-02-06 09:03:09'),
(59, 24, 2, 4, 17, 4, 3, '07:30:00', '08:30:00', NULL, '2022-02-06 09:57:32', '2022-02-06 09:57:32'),
(60, 22, 2, 4, 10, 4, 3, '08:30:00', '08:45:00', NULL, '2022-02-06 09:58:19', '2022-02-06 09:58:19'),
(61, 8, 2, 4, 12, 4, 3, '08:45:00', '09:15:00', NULL, '2022-02-06 09:59:26', '2022-02-06 09:59:26'),
(62, 19, 2, 4, 9, 4, 3, '09:15:00', '09:45:00', NULL, '2022-02-06 10:00:43', '2022-02-06 10:00:43'),
(63, 10, 2, 4, 15, 4, 3, '09:45:00', '10:15:00', NULL, '2022-02-06 10:01:50', '2022-02-06 10:01:50'),
(64, 22, 2, 4, 10, 4, 3, '10:15:00', '10:30:00', NULL, '2022-02-06 10:02:52', '2022-02-06 10:02:52'),
(65, 24, 2, 4, 17, 5, 3, '07:30:00', '08:30:00', NULL, '2022-02-06 10:38:24', '2022-02-06 10:38:24'),
(66, 22, 2, 4, 10, 5, 3, '08:30:00', '08:45:00', NULL, '2022-02-06 10:49:58', '2022-02-06 10:49:58'),
(67, 16, 2, 4, 8, 5, 3, '08:45:00', '09:15:00', NULL, '2022-02-06 10:51:04', '2022-02-06 10:51:04'),
(68, 10, 2, 4, 15, 5, 3, '09:15:00', '10:45:00', NULL, '2022-02-06 10:52:16', '2022-02-06 10:52:16'),
(69, 25, 3, 5, 12, 1, 3, '07:30:00', '08:30:00', NULL, '2022-02-06 18:40:31', '2022-02-06 18:40:31'),
(70, 22, 3, 5, 10, 1, 3, '08:30:00', '08:45:00', NULL, '2022-02-06 18:42:02', '2022-02-06 18:42:02'),
(71, 12, 3, 5, 17, 1, 3, '08:45:00', '09:15:00', NULL, '2022-02-06 18:43:28', '2022-02-06 18:43:28'),
(72, 20, 3, 5, 9, 1, 3, '09:15:00', '09:45:00', NULL, '2022-02-06 18:45:44', '2022-02-06 18:45:44'),
(73, 17, 3, 5, 8, 1, 3, '09:45:00', '10:15:00', NULL, '2022-02-06 18:46:28', '2022-02-06 18:46:28'),
(74, 25, 3, 5, 12, 2, 3, '07:30:00', '08:30:00', NULL, '2022-02-07 02:44:52', '2022-02-07 02:44:52'),
(75, 22, 3, 5, 10, 2, 3, '08:30:00', '08:45:00', NULL, '2022-02-07 02:45:34', '2022-02-07 02:45:34'),
(76, 12, 3, 5, 17, 2, 3, '08:45:00', '10:15:00', NULL, '2022-02-07 02:47:20', '2022-02-07 02:47:20'),
(77, 22, 3, 5, 10, 2, 3, '10:15:00', '10:30:00', NULL, '2022-02-07 02:48:02', '2022-02-07 02:48:02'),
(78, 12, 3, 5, 17, 2, 3, '10:30:00', '11:00:00', NULL, '2022-02-07 02:48:40', '2022-02-07 02:48:40'),
(79, 26, 3, 5, 10, 2, 3, '11:00:00', '11:30:00', NULL, '2022-02-07 02:50:54', '2022-02-07 02:50:54'),
(80, 23, 3, 5, 17, 2, 3, '11:30:00', '12:00:00', NULL, '2022-02-07 02:51:42', '2022-02-07 02:51:42'),
(81, 25, 3, 5, 12, 3, 3, '07:30:00', '08:30:00', NULL, '2022-02-07 02:52:27', '2022-02-07 02:52:27'),
(82, 22, 3, 5, 10, 3, 3, '08:30:00', '08:45:00', NULL, '2022-02-07 02:53:09', '2022-02-07 02:53:09'),
(83, 12, 3, 5, 17, 3, 3, '08:45:00', '09:45:00', NULL, '2022-02-07 02:53:52', '2022-02-07 02:53:52'),
(84, 26, 3, 5, 10, 3, 3, '09:45:00', '10:15:00', NULL, '2022-02-07 02:55:00', '2022-02-07 02:55:00'),
(85, 22, 3, 5, 10, 3, 3, '10:15:00', '10:30:00', NULL, '2022-02-07 02:57:53', '2022-02-07 02:57:53'),
(86, 12, 3, 5, 17, 3, 3, '10:30:00', '11:30:00', NULL, '2022-02-07 03:02:00', '2022-02-07 03:02:00'),
(87, 23, 3, 5, 17, 3, 3, '11:30:00', '12:00:00', NULL, '2022-02-07 03:02:30', '2022-02-07 03:02:30'),
(88, 25, 3, 5, 12, 4, 3, '07:30:00', '08:30:00', NULL, '2022-02-07 03:03:30', '2022-02-07 03:03:30'),
(89, 22, 3, 5, 10, 4, 3, '08:30:00', '08:45:00', NULL, '2022-02-07 03:06:32', '2022-02-07 03:06:32'),
(90, 4, 3, 5, 16, 4, 3, '08:45:00', '09:15:00', NULL, '2022-02-07 03:07:19', '2022-02-07 03:07:19'),
(91, 15, 3, 5, 10, 4, 3, '09:15:00', '10:15:00', NULL, '2022-02-07 03:07:57', '2022-02-07 03:07:57'),
(92, 22, 3, 5, 10, 4, 3, '10:15:00', '10:30:00', NULL, '2022-02-07 03:09:01', '2022-02-07 03:09:01'),
(93, 12, 3, 5, 17, 4, 3, '10:30:00', '11:30:00', NULL, '2022-02-07 03:09:48', '2022-02-07 03:09:48'),
(94, 23, 3, 5, 17, 4, 3, '11:30:00', '12:00:00', NULL, '2022-02-07 03:10:23', '2022-02-07 03:10:23'),
(95, 25, 3, 5, 12, 5, 3, '07:30:00', '08:30:00', NULL, '2022-02-07 03:11:08', '2022-02-07 03:11:08'),
(96, 22, 3, 5, 10, 5, 3, '08:30:00', '08:45:00', NULL, '2022-02-07 03:11:59', '2022-02-07 03:11:59'),
(97, 26, 3, 5, 10, 5, 3, '08:45:00', '09:15:00', NULL, '2022-02-07 03:12:46', '2022-02-07 03:12:46'),
(98, 12, 3, 5, 17, 5, 3, '09:15:00', '10:45:00', NULL, '2022-02-07 03:13:34', '2022-02-07 03:13:34'),
(99, 2, 1, 3, 11, 5, 3, '12:00:00', '13:00:00', NULL, '2022-02-07 09:10:29', '2022-02-07 09:10:29');

-- --------------------------------------------------------

--
-- Table structure for table `jadwal_siswa`
--

CREATE TABLE `jadwal_siswa` (
  `id` bigint(20) UNSIGNED NOT NULL,
  `siswa_id` bigint(20) UNSIGNED NOT NULL,
  `jadwal_id` bigint(20) UNSIGNED NOT NULL,
  `tahun` varchar(255) COLLATE utf8mb4_unicode_ci NOT NULL,
  `created_at` timestamp NULL DEFAULT NULL,
  `updated_at` timestamp NULL DEFAULT NULL
) ENGINE=InnoDB DEFAULT CHARSET=utf8mb4 COLLATE=utf8mb4_unicode_ci;

--
-- Dumping data for table `jadwal_siswa`
--

INSERT INTO `jadwal_siswa` (`id`, `siswa_id`, `jadwal_id`, `tahun`, `created_at`, `updated_at`) VALUES
(4, 5, 8, '2022', '2022-02-05 09:50:54', '2022-02-05 09:50:54'),
(5, 5, 6, '2022', '2022-02-05 09:51:05', '2022-02-05 09:51:05'),
(6, 5, 7, '2022', '2022-02-05 09:51:10', '2022-02-05 09:51:10'),
(7, 5, 10, '2022', '2022-02-05 09:51:15', '2022-02-05 09:51:15'),
(8, 5, 9, '2022', '2022-02-05 09:51:19', '2022-02-05 09:51:19'),
(9, 5, 11, '2022', '2022-02-05 09:51:24', '2022-02-05 09:51:24'),
(10, 5, 5, '2022', '2022-02-05 09:51:30', '2022-02-05 09:51:30'),
(11, 4, 8, '2022', '2022-02-05 09:55:10', '2022-02-05 09:55:10'),
(12, 4, 6, '2022', '2022-02-05 09:55:19', '2022-02-05 09:55:19'),
(13, 4, 7, '2022', '2022-02-05 09:55:23', '2022-02-05 09:55:23'),
(14, 4, 10, '2022', '2022-02-05 09:55:27', '2022-02-05 09:55:27'),
(15, 4, 9, '2022', '2022-02-05 09:55:33', '2022-02-05 09:55:33'),
(16, 4, 11, '2022', '2022-02-05 09:55:39', '2022-02-05 09:55:39'),
(17, 4, 5, '2022', '2022-02-05 09:55:44', '2022-02-05 09:55:44'),
(18, 3, 8, '2022', '2022-02-05 09:57:00', '2022-02-05 09:57:00'),
(19, 3, 6, '2022', '2022-02-05 09:57:05', '2022-02-05 09:57:05'),
(20, 3, 7, '2022', '2022-02-05 09:57:10', '2022-02-05 09:57:10'),
(21, 3, 10, '2022', '2022-02-05 09:57:14', '2022-02-05 09:57:14'),
(22, 3, 9, '2022', '2022-02-05 09:57:18', '2022-02-05 09:57:18'),
(23, 3, 11, '2022', '2022-02-05 09:57:24', '2022-02-05 09:57:24'),
(24, 3, 5, '2022', '2022-02-05 09:57:29', '2022-02-05 09:57:29'),
(25, 6, 8, '2022', '2022-02-05 09:59:00', '2022-02-05 09:59:00'),
(26, 6, 6, '2022', '2022-02-05 09:59:06', '2022-02-05 09:59:06'),
(27, 6, 7, '2022', '2022-02-05 09:59:10', '2022-02-05 09:59:10'),
(28, 6, 10, '2022', '2022-02-05 09:59:14', '2022-02-05 09:59:14'),
(29, 6, 9, '2022', '2022-02-05 09:59:19', '2022-02-05 09:59:19'),
(30, 6, 11, '2022', '2022-02-05 09:59:27', '2022-02-05 09:59:27'),
(31, 6, 5, '2022', '2022-02-05 09:59:33', '2022-02-05 09:59:33'),
(32, 7, 8, '2022', '2022-02-05 10:03:00', '2022-02-05 10:03:00'),
(33, 7, 6, '2022', '2022-02-05 10:03:13', '2022-02-05 10:03:13'),
(34, 7, 7, '2022', '2022-02-05 10:03:20', '2022-02-05 10:03:20'),
(35, 7, 10, '2022', '2022-02-05 10:03:24', '2022-02-05 10:03:24'),
(36, 7, 9, '2022', '2022-02-05 10:03:28', '2022-02-05 10:03:28'),
(37, 7, 11, '2022', '2022-02-05 10:03:33', '2022-02-05 10:03:33'),
(38, 7, 5, '2022', '2022-02-05 10:03:38', '2022-02-05 10:03:38'),
(39, 3, 15, '2022', '2022-02-05 12:49:28', '2022-02-05 12:49:28'),
(40, 3, 21, '2022', '2022-02-05 12:49:44', '2022-02-05 12:49:44'),
(41, 3, 12, '2022', '2022-02-05 12:49:50', '2022-02-05 12:49:50'),
(42, 3, 19, '2022', '2022-02-05 12:49:56', '2022-02-05 12:49:56'),
(43, 3, 13, '2022', '2022-02-05 12:56:34', '2022-02-05 12:56:34'),
(47, 3, 26, '2022', '2022-02-06 15:38:31', '2022-02-06 15:38:31'),
(54, 3, 34, '2022', '2022-02-06 18:48:09', '2022-02-06 18:48:09'),
(55, 3, 35, '2022', '2022-02-06 18:48:41', '2022-02-06 18:48:41'),
(56, 3, 27, '2022', '2022-02-06 18:49:06', '2022-02-06 18:49:06'),
(57, 3, 20, '2022', '2022-02-06 18:49:30', '2022-02-06 18:49:30'),
(58, 3, 29, '2022', '2022-02-06 18:50:10', '2022-02-06 18:50:10'),
(59, 3, 14, '2022', '2022-02-06 18:50:28', '2022-02-06 18:50:28'),
(60, 3, 31, '2022', '2022-02-06 18:50:43', '2022-02-06 18:50:43'),
(61, 3, 23, '2022', '2022-02-06 18:51:04', '2022-02-06 18:51:04'),
(62, 3, 25, '2022', '2022-02-06 18:51:40', '2022-02-06 18:51:40'),
(63, 3, 18, '2022', '2022-02-06 18:51:54', '2022-02-06 18:51:54'),
(64, 3, 33, '2022', '2022-02-06 18:52:12', '2022-02-06 18:52:12'),
(65, 3, 17, '2022', '2022-02-06 18:52:21', '2022-02-06 18:52:21'),
(66, 3, 24, '2022', '2022-02-06 18:52:36', '2022-02-06 18:52:36'),
(67, 3, 32, '2022', '2022-02-06 18:53:01', '2022-02-06 18:53:01'),
(68, 3, 22, '2022', '2022-02-06 18:53:21', '2022-02-06 18:53:21'),
(69, 3, 16, '2022', '2022-02-06 18:53:35', '2022-02-06 18:53:35'),
(70, 3, 30, '2022', '2022-02-06 18:53:46', '2022-02-06 18:53:46'),
(71, 3, 36, '2022', '2022-02-06 18:54:08', '2022-02-06 18:54:08'),
(72, 3, 28, '2022', '2022-02-06 18:54:17', '2022-02-06 18:54:17'),
(73, 4, 15, '2022', '2022-02-06 18:55:02', '2022-02-06 18:55:02'),
(74, 4, 26, '2022', '2022-02-06 18:55:16', '2022-02-06 18:55:16'),
(75, 4, 19, '2022', '2022-02-06 18:55:30', '2022-02-06 18:55:30'),
(76, 4, 12, '2022', '2022-02-06 18:55:45', '2022-02-06 18:55:45'),
(77, 4, 21, '2022', '2022-02-06 18:55:57', '2022-02-06 18:55:57'),
(78, 4, 34, '2022', '2022-02-06 18:56:09', '2022-02-06 18:56:09'),
(79, 4, 35, '2022', '2022-02-06 18:56:27', '2022-02-06 18:56:27'),
(80, 4, 27, '2022', '2022-02-06 18:56:36', '2022-02-06 18:56:36'),
(81, 4, 13, '2022', '2022-02-06 18:57:03', '2022-02-06 18:57:03'),
(82, 4, 20, '2022', '2022-02-06 18:57:15', '2022-02-06 18:57:15'),
(83, 4, 29, '2022', '2022-02-06 18:57:34', '2022-02-06 18:57:34'),
(84, 4, 14, '2022', '2022-02-06 18:57:46', '2022-02-06 18:57:46'),
(85, 4, 31, '2022', '2022-02-06 18:57:57', '2022-02-06 18:57:57'),
(86, 4, 23, '2022', '2022-02-06 18:58:09', '2022-02-06 18:58:09'),
(87, 4, 18, '2022', '2022-02-06 18:58:23', '2022-02-06 18:58:23'),
(88, 4, 24, '2022', '2022-02-06 18:58:35', '2022-02-06 18:58:35'),
(89, 4, 32, '2022', '2022-02-06 18:58:49', '2022-02-06 18:58:49'),
(90, 4, 22, '2022', '2022-02-06 18:58:58', '2022-02-06 18:58:58'),
(91, 4, 16, '2022', '2022-02-06 18:59:10', '2022-02-06 18:59:10'),
(92, 4, 30, '2022', '2022-02-06 18:59:25', '2022-02-06 18:59:25'),
(93, 4, 28, '2022', '2022-02-06 18:59:35', '2022-02-06 18:59:35'),
(94, 4, 25, '2022', '2022-02-06 18:59:52', '2022-02-06 18:59:52'),
(95, 4, 36, '2022', '2022-02-06 19:00:03', '2022-02-06 19:00:03'),
(96, 4, 33, '2022', '2022-02-06 19:00:15', '2022-02-06 19:00:15'),
(97, 4, 17, '2022', '2022-02-06 19:00:36', '2022-02-06 19:00:36'),
(98, 55, 46, '2022', '2022-02-06 19:13:03', '2022-02-06 19:13:03'),
(99, 55, 62, '2022', '2022-02-06 19:13:12', '2022-02-06 19:13:12'),
(100, 55, 67, '2022', '2022-02-06 23:14:49', '2022-02-06 23:14:49'),
(101, 55, 37, '2022', '2022-02-06 23:14:57', '2022-02-06 23:14:57'),
(102, 55, 65, '2022', '2022-02-06 23:15:04', '2022-02-06 23:15:04'),
(103, 55, 44, '2022', '2022-02-06 23:15:12', '2022-02-06 23:15:12'),
(104, 55, 52, '2022', '2022-02-06 23:15:23', '2022-02-06 23:15:23'),
(105, 55, 59, '2022', '2022-02-06 23:15:35', '2022-02-06 23:15:35'),
(106, 55, 60, '2022', '2022-02-06 23:15:45', '2022-02-06 23:15:45'),
(107, 55, 66, '2022', '2022-02-06 23:15:53', '2022-02-06 23:15:53'),
(108, 55, 50, '2022', '2022-02-06 23:16:04', '2022-02-06 23:16:04'),
(109, 55, 61, '2022', '2022-02-06 23:16:15', '2022-02-06 23:16:15'),
(110, 55, 39, '2022', '2022-02-06 23:16:26', '2022-02-06 23:16:26'),
(111, 55, 41, '2022', '2022-02-06 23:16:35', '2022-02-06 23:16:35'),
(112, 55, 56, '2022', '2022-02-06 23:16:49', '2022-02-06 23:16:49'),
(113, 55, 48, '2022', '2022-02-06 23:17:06', '2022-02-06 23:17:06'),
(114, 55, 64, '2022', '2022-02-06 23:17:18', '2022-02-06 23:17:18'),
(115, 55, 38, '2022', '2022-02-06 23:17:34', '2022-02-06 23:17:34'),
(116, 55, 53, '2022', '2022-02-06 23:17:47', '2022-02-06 23:17:47'),
(117, 55, 45, '2022', '2022-02-06 23:18:00', '2022-02-06 23:18:00'),
(118, 55, 57, '2022', '2022-02-06 23:18:17', '2022-02-06 23:18:17'),
(119, 55, 47, '2022', '2022-02-06 23:18:28', '2022-02-06 23:18:28'),
(120, 55, 63, '2022', '2022-02-06 23:18:38', '2022-02-06 23:18:38'),
(121, 55, 68, '2022', '2022-02-06 23:18:49', '2022-02-06 23:18:49'),
(122, 55, 40, '2022', '2022-02-06 23:19:01', '2022-02-06 23:19:01'),
(123, 55, 55, '2022', '2022-02-06 23:19:15', '2022-02-06 23:19:15'),
(124, 55, 43, '2022', '2022-02-06 23:19:29', '2022-02-06 23:19:29'),
(125, 55, 54, '2022', '2022-02-06 23:19:41', '2022-02-06 23:19:41'),
(126, 55, 51, '2022', '2022-02-06 23:19:52', '2022-02-06 23:19:52'),
(127, 55, 58, '2022', '2022-02-06 23:20:09', '2022-02-06 23:20:09'),
(128, 55, 49, '2022', '2022-02-06 23:20:25', '2022-02-06 23:20:25'),
(129, 55, 42, '2022', '2022-02-06 23:20:34', '2022-02-06 23:20:34'),
(150, 57, 62, '2022', '2022-02-07 01:31:53', '2022-02-07 01:31:53'),
(151, 57, 67, '2022', '2022-02-07 01:31:53', '2022-02-07 01:31:53'),
(152, 57, 42, '2022', '2022-02-07 01:33:15', '2022-02-07 01:33:15'),
(153, 57, 49, '2022', '2022-02-07 01:33:15', '2022-02-07 01:33:15'),
(154, 57, 37, '2022', '2022-02-07 01:35:10', '2022-02-07 01:35:10'),
(155, 57, 65, '2022', '2022-02-07 01:35:10', '2022-02-07 01:35:10'),
(156, 57, 44, '2022', '2022-02-07 01:35:10', '2022-02-07 01:35:10'),
(157, 57, 52, '2022', '2022-02-07 01:35:10', '2022-02-07 01:35:10'),
(158, 57, 59, '2022', '2022-02-07 01:35:10', '2022-02-07 01:35:10'),
(159, 57, 60, '2022', '2022-02-07 01:35:10', '2022-02-07 01:35:10'),
(160, 57, 66, '2022', '2022-02-07 01:35:10', '2022-02-07 01:35:10'),
(161, 57, 45, '2022', '2022-02-07 01:35:39', '2022-02-07 01:35:39'),
(162, 57, 53, '2022', '2022-02-07 01:35:39', '2022-02-07 01:35:39'),
(163, 57, 38, '2022', '2022-02-07 01:35:39', '2022-02-07 01:35:39'),
(164, 57, 64, '2022', '2022-02-07 01:35:39', '2022-02-07 01:35:39'),
(165, 57, 48, '2022', '2022-02-07 01:35:39', '2022-02-07 01:35:39'),
(166, 57, 56, '2022', '2022-02-07 01:35:39', '2022-02-07 01:35:39'),
(167, 57, 41, '2022', '2022-02-07 01:35:39', '2022-02-07 01:35:39'),
(168, 57, 39, '2022', '2022-02-07 01:35:39', '2022-02-07 01:35:39'),
(169, 57, 61, '2022', '2022-02-07 01:35:39', '2022-02-07 01:35:39'),
(170, 57, 50, '2022', '2022-02-07 01:35:39', '2022-02-07 01:35:39'),
(171, 57, 54, '2022', '2022-02-07 01:36:10', '2022-02-07 01:36:10'),
(172, 57, 51, '2022', '2022-02-07 01:36:10', '2022-02-07 01:36:10'),
(173, 57, 58, '2022', '2022-02-07 01:36:10', '2022-02-07 01:36:10'),
(174, 57, 43, '2022', '2022-02-07 01:36:10', '2022-02-07 01:36:10'),
(175, 57, 55, '2022', '2022-02-07 01:36:10', '2022-02-07 01:36:10'),
(176, 57, 40, '2022', '2022-02-07 01:36:10', '2022-02-07 01:36:10'),
(177, 57, 68, '2022', '2022-02-07 01:36:10', '2022-02-07 01:36:10'),
(178, 57, 63, '2022', '2022-02-07 01:36:10', '2022-02-07 01:36:10'),
(179, 57, 47, '2022', '2022-02-07 01:36:10', '2022-02-07 01:36:10'),
(180, 57, 57, '2022', '2022-02-07 01:36:11', '2022-02-07 01:36:11'),
(181, 57, 73, '2022', '2022-02-07 01:38:52', '2022-02-07 01:38:52'),
(182, 58, 37, '2022', '2022-02-07 01:42:36', '2022-02-07 01:42:36'),
(183, 58, 44, '2022', '2022-02-07 01:42:36', '2022-02-07 01:42:36'),
(184, 58, 46, '2022', '2022-02-07 01:42:46', '2022-02-07 01:42:46'),
(185, 58, 62, '2022', '2022-02-07 01:44:52', '2022-02-07 01:44:52'),
(186, 58, 67, '2022', '2022-02-07 01:44:52', '2022-02-07 01:44:52'),
(187, 58, 65, '2022', '2022-02-07 01:44:52', '2022-02-07 01:44:52'),
(188, 58, 52, '2022', '2022-02-07 01:44:52', '2022-02-07 01:44:52'),
(189, 58, 59, '2022', '2022-02-07 01:44:53', '2022-02-07 01:44:53'),
(190, 58, 60, '2022', '2022-02-07 01:44:53', '2022-02-07 01:44:53'),
(191, 58, 66, '2022', '2022-02-07 01:44:53', '2022-02-07 01:44:53'),
(192, 58, 45, '2022', '2022-02-07 01:45:43', '2022-02-07 01:45:43'),
(193, 58, 53, '2022', '2022-02-07 01:45:43', '2022-02-07 01:45:43'),
(194, 58, 38, '2022', '2022-02-07 01:45:44', '2022-02-07 01:45:44'),
(195, 58, 64, '2022', '2022-02-07 01:45:44', '2022-02-07 01:45:44'),
(196, 58, 48, '2022', '2022-02-07 01:45:44', '2022-02-07 01:45:44'),
(197, 58, 56, '2022', '2022-02-07 01:45:44', '2022-02-07 01:45:44'),
(198, 58, 41, '2022', '2022-02-07 01:45:44', '2022-02-07 01:45:44'),
(199, 58, 39, '2022', '2022-02-07 01:45:44', '2022-02-07 01:45:44'),
(200, 58, 61, '2022', '2022-02-07 01:45:44', '2022-02-07 01:45:44'),
(201, 58, 50, '2022', '2022-02-07 01:45:44', '2022-02-07 01:45:44'),
(202, 58, 54, '2022', '2022-02-07 01:46:19', '2022-02-07 01:46:19'),
(203, 58, 51, '2022', '2022-02-07 01:46:19', '2022-02-07 01:46:19'),
(204, 58, 58, '2022', '2022-02-07 01:46:20', '2022-02-07 01:46:20'),
(205, 58, 43, '2022', '2022-02-07 01:46:20', '2022-02-07 01:46:20'),
(206, 58, 55, '2022', '2022-02-07 01:46:20', '2022-02-07 01:46:20'),
(207, 58, 40, '2022', '2022-02-07 01:46:20', '2022-02-07 01:46:20'),
(208, 58, 68, '2022', '2022-02-07 01:46:20', '2022-02-07 01:46:20'),
(209, 58, 63, '2022', '2022-02-07 01:46:20', '2022-02-07 01:46:20'),
(210, 58, 47, '2022', '2022-02-07 01:46:20', '2022-02-07 01:46:20'),
(211, 58, 57, '2022', '2022-02-07 01:46:20', '2022-02-07 01:46:20'),
(212, 59, 46, '2022', '2022-02-07 02:36:30', '2022-02-07 02:36:30'),
(213, 59, 62, '2022', '2022-02-07 02:36:31', '2022-02-07 02:36:31'),
(214, 59, 67, '2022', '2022-02-07 02:36:31', '2022-02-07 02:36:31'),
(215, 59, 37, '2022', '2022-02-07 02:36:31', '2022-02-07 02:36:31'),
(216, 59, 65, '2022', '2022-02-07 02:36:31', '2022-02-07 02:36:31'),
(217, 59, 44, '2022', '2022-02-07 02:36:31', '2022-02-07 02:36:31'),
(218, 59, 52, '2022', '2022-02-07 02:36:31', '2022-02-07 02:36:31'),
(219, 59, 59, '2022', '2022-02-07 02:36:31', '2022-02-07 02:36:31'),
(220, 59, 60, '2022', '2022-02-07 02:36:31', '2022-02-07 02:36:31'),
(221, 59, 66, '2022', '2022-02-07 02:36:31', '2022-02-07 02:36:31'),
(222, 59, 45, '2022', '2022-02-07 02:37:18', '2022-02-07 02:37:18'),
(223, 59, 53, '2022', '2022-02-07 02:37:18', '2022-02-07 02:37:18'),
(224, 59, 38, '2022', '2022-02-07 02:37:18', '2022-02-07 02:37:18'),
(225, 59, 64, '2022', '2022-02-07 02:37:18', '2022-02-07 02:37:18'),
(226, 59, 48, '2022', '2022-02-07 02:37:18', '2022-02-07 02:37:18'),
(227, 59, 56, '2022', '2022-02-07 02:37:18', '2022-02-07 02:37:18'),
(228, 59, 41, '2022', '2022-02-07 02:37:18', '2022-02-07 02:37:18'),
(229, 59, 39, '2022', '2022-02-07 02:37:18', '2022-02-07 02:37:18'),
(230, 59, 61, '2022', '2022-02-07 02:37:18', '2022-02-07 02:37:18'),
(231, 59, 50, '2022', '2022-02-07 02:37:18', '2022-02-07 02:37:18'),
(232, 59, 54, '2022', '2022-02-07 02:38:25', '2022-02-07 02:38:25'),
(233, 59, 51, '2022', '2022-02-07 02:38:25', '2022-02-07 02:38:25'),
(234, 59, 58, '2022', '2022-02-07 02:38:25', '2022-02-07 02:38:25'),
(235, 59, 43, '2022', '2022-02-07 02:38:25', '2022-02-07 02:38:25'),
(236, 59, 55, '2022', '2022-02-07 02:38:25', '2022-02-07 02:38:25'),
(237, 59, 40, '2022', '2022-02-07 02:38:25', '2022-02-07 02:38:25'),
(238, 59, 68, '2022', '2022-02-07 02:38:25', '2022-02-07 02:38:25'),
(239, 59, 63, '2022', '2022-02-07 02:38:25', '2022-02-07 02:38:25'),
(240, 59, 47, '2022', '2022-02-07 02:38:25', '2022-02-07 02:38:25'),
(241, 59, 57, '2022', '2022-02-07 02:38:25', '2022-02-07 02:38:25'),
(242, 59, 42, '2022', '2022-02-07 02:38:54', '2022-02-07 02:38:54'),
(243, 59, 49, '2022', '2022-02-07 02:38:54', '2022-02-07 02:38:54'),
(244, 56, 46, '2022', '2022-02-07 02:41:37', '2022-02-07 02:41:37'),
(245, 56, 62, '2022', '2022-02-07 02:41:37', '2022-02-07 02:41:37'),
(246, 56, 67, '2022', '2022-02-07 02:41:37', '2022-02-07 02:41:37'),
(247, 56, 37, '2022', '2022-02-07 02:41:37', '2022-02-07 02:41:37'),
(248, 56, 65, '2022', '2022-02-07 02:41:37', '2022-02-07 02:41:37'),
(249, 56, 44, '2022', '2022-02-07 02:41:37', '2022-02-07 02:41:37'),
(250, 56, 52, '2022', '2022-02-07 02:41:37', '2022-02-07 02:41:37'),
(251, 56, 59, '2022', '2022-02-07 02:41:37', '2022-02-07 02:41:37'),
(252, 56, 60, '2022', '2022-02-07 02:41:37', '2022-02-07 02:41:37'),
(253, 56, 66, '2022', '2022-02-07 02:41:37', '2022-02-07 02:41:37'),
(254, 56, 45, '2022', '2022-02-07 02:42:02', '2022-02-07 02:42:02'),
(255, 56, 53, '2022', '2022-02-07 02:42:03', '2022-02-07 02:42:03'),
(256, 56, 38, '2022', '2022-02-07 02:42:03', '2022-02-07 02:42:03'),
(257, 56, 64, '2022', '2022-02-07 02:42:03', '2022-02-07 02:42:03'),
(258, 56, 48, '2022', '2022-02-07 02:42:03', '2022-02-07 02:42:03'),
(259, 56, 56, '2022', '2022-02-07 02:42:03', '2022-02-07 02:42:03'),
(260, 56, 41, '2022', '2022-02-07 02:42:03', '2022-02-07 02:42:03'),
(261, 56, 39, '2022', '2022-02-07 02:42:03', '2022-02-07 02:42:03'),
(262, 56, 61, '2022', '2022-02-07 02:42:03', '2022-02-07 02:42:03'),
(263, 56, 50, '2022', '2022-02-07 02:42:03', '2022-02-07 02:42:03'),
(264, 56, 54, '2022', '2022-02-07 02:42:32', '2022-02-07 02:42:32'),
(265, 56, 51, '2022', '2022-02-07 02:42:32', '2022-02-07 02:42:32'),
(266, 56, 58, '2022', '2022-02-07 02:42:32', '2022-02-07 02:42:32'),
(267, 56, 43, '2022', '2022-02-07 02:42:32', '2022-02-07 02:42:32'),
(268, 56, 55, '2022', '2022-02-07 02:42:32', '2022-02-07 02:42:32'),
(269, 56, 40, '2022', '2022-02-07 02:42:32', '2022-02-07 02:42:32'),
(270, 56, 68, '2022', '2022-02-07 02:42:33', '2022-02-07 02:42:33'),
(271, 56, 63, '2022', '2022-02-07 02:42:33', '2022-02-07 02:42:33'),
(272, 56, 47, '2022', '2022-02-07 02:42:33', '2022-02-07 02:42:33'),
(273, 56, 57, '2022', '2022-02-07 02:42:33', '2022-02-07 02:42:33'),
(274, 56, 42, '2022', '2022-02-07 02:42:54', '2022-02-07 02:42:54'),
(275, 56, 49, '2022', '2022-02-07 02:42:54', '2022-02-07 02:42:54'),
(276, 42, 91, '2022', '2022-02-07 03:14:32', '2022-02-07 03:14:32'),
(277, 42, 72, '2022', '2022-02-07 03:14:32', '2022-02-07 03:14:32'),
(278, 42, 73, '2022', '2022-02-07 03:14:32', '2022-02-07 03:14:32'),
(279, 42, 88, '2022', '2022-02-07 03:14:32', '2022-02-07 03:14:32'),
(280, 42, 81, '2022', '2022-02-07 03:14:32', '2022-02-07 03:14:32'),
(281, 42, 74, '2022', '2022-02-07 03:14:32', '2022-02-07 03:14:32'),
(282, 42, 69, '2022', '2022-02-07 03:14:32', '2022-02-07 03:14:32'),
(283, 42, 95, '2022', '2022-02-07 03:14:32', '2022-02-07 03:14:32'),
(284, 42, 82, '2022', '2022-02-07 03:14:32', '2022-02-07 03:14:32'),
(285, 42, 70, '2022', '2022-02-07 03:14:33', '2022-02-07 03:14:33'),
(286, 42, 96, '2022', '2022-02-07 03:15:13', '2022-02-07 03:15:13'),
(287, 42, 75, '2022', '2022-02-07 03:15:13', '2022-02-07 03:15:13'),
(288, 42, 89, '2022', '2022-02-07 03:15:13', '2022-02-07 03:15:13'),
(289, 42, 85, '2022', '2022-02-07 03:15:13', '2022-02-07 03:15:13'),
(290, 42, 77, '2022', '2022-02-07 03:15:13', '2022-02-07 03:15:13'),
(291, 42, 92, '2022', '2022-02-07 03:15:14', '2022-02-07 03:15:14'),
(292, 42, 97, '2022', '2022-02-07 03:15:14', '2022-02-07 03:15:14'),
(293, 42, 84, '2022', '2022-02-07 03:15:14', '2022-02-07 03:15:14'),
(294, 42, 79, '2022', '2022-02-07 03:15:14', '2022-02-07 03:15:14'),
(295, 42, 90, '2022', '2022-02-07 03:15:14', '2022-02-07 03:15:14'),
(296, 42, 80, '2022', '2022-02-07 03:15:43', '2022-02-07 03:15:43'),
(297, 42, 94, '2022', '2022-02-07 03:15:43', '2022-02-07 03:15:43'),
(298, 42, 87, '2022', '2022-02-07 03:15:43', '2022-02-07 03:15:43'),
(299, 42, 71, '2022', '2022-02-07 03:15:43', '2022-02-07 03:15:43'),
(300, 42, 76, '2022', '2022-02-07 03:15:43', '2022-02-07 03:15:43'),
(301, 42, 83, '2022', '2022-02-07 03:15:43', '2022-02-07 03:15:43'),
(302, 42, 98, '2022', '2022-02-07 03:15:43', '2022-02-07 03:15:43'),
(303, 42, 86, '2022', '2022-02-07 03:15:43', '2022-02-07 03:15:43'),
(304, 42, 93, '2022', '2022-02-07 03:15:43', '2022-02-07 03:15:43'),
(305, 42, 78, '2022', '2022-02-07 03:15:43', '2022-02-07 03:15:43'),
(306, 43, 91, '2022', '2022-02-07 03:17:09', '2022-02-07 03:17:09'),
(307, 43, 72, '2022', '2022-02-07 03:17:09', '2022-02-07 03:17:09'),
(308, 43, 73, '2022', '2022-02-07 03:17:09', '2022-02-07 03:17:09'),
(309, 43, 88, '2022', '2022-02-07 03:17:09', '2022-02-07 03:17:09'),
(310, 43, 81, '2022', '2022-02-07 03:17:09', '2022-02-07 03:17:09'),
(311, 43, 74, '2022', '2022-02-07 03:17:09', '2022-02-07 03:17:09'),
(312, 43, 69, '2022', '2022-02-07 03:17:09', '2022-02-07 03:17:09'),
(313, 43, 95, '2022', '2022-02-07 03:17:09', '2022-02-07 03:17:09'),
(314, 43, 82, '2022', '2022-02-07 03:17:09', '2022-02-07 03:17:09'),
(315, 43, 70, '2022', '2022-02-07 03:17:09', '2022-02-07 03:17:09'),
(316, 43, 96, '2022', '2022-02-07 03:17:37', '2022-02-07 03:17:37'),
(317, 43, 75, '2022', '2022-02-07 03:17:37', '2022-02-07 03:17:37'),
(318, 43, 89, '2022', '2022-02-07 03:17:37', '2022-02-07 03:17:37'),
(319, 43, 85, '2022', '2022-02-07 03:17:37', '2022-02-07 03:17:37'),
(320, 43, 77, '2022', '2022-02-07 03:17:37', '2022-02-07 03:17:37'),
(321, 43, 92, '2022', '2022-02-07 03:17:37', '2022-02-07 03:17:37'),
(322, 43, 97, '2022', '2022-02-07 03:17:37', '2022-02-07 03:17:37'),
(323, 43, 84, '2022', '2022-02-07 03:17:37', '2022-02-07 03:17:37'),
(324, 43, 79, '2022', '2022-02-07 03:17:37', '2022-02-07 03:17:37'),
(325, 43, 90, '2022', '2022-02-07 03:17:37', '2022-02-07 03:17:37'),
(326, 43, 80, '2022', '2022-02-07 03:18:05', '2022-02-07 03:18:05'),
(327, 43, 94, '2022', '2022-02-07 03:18:05', '2022-02-07 03:18:05'),
(328, 43, 87, '2022', '2022-02-07 03:18:05', '2022-02-07 03:18:05'),
(329, 43, 71, '2022', '2022-02-07 03:18:05', '2022-02-07 03:18:05'),
(330, 43, 76, '2022', '2022-02-07 03:18:05', '2022-02-07 03:18:05'),
(331, 43, 83, '2022', '2022-02-07 03:18:05', '2022-02-07 03:18:05'),
(332, 43, 98, '2022', '2022-02-07 03:18:05', '2022-02-07 03:18:05'),
(333, 43, 86, '2022', '2022-02-07 03:18:05', '2022-02-07 03:18:05'),
(334, 43, 93, '2022', '2022-02-07 03:18:06', '2022-02-07 03:18:06'),
(335, 43, 78, '2022', '2022-02-07 03:18:06', '2022-02-07 03:18:06'),
(336, 44, 91, '2022', '2022-02-07 03:20:23', '2022-02-07 03:20:23'),
(337, 44, 72, '2022', '2022-02-07 03:20:23', '2022-02-07 03:20:23'),
(338, 44, 73, '2022', '2022-02-07 03:20:23', '2022-02-07 03:20:23'),
(339, 44, 88, '2022', '2022-02-07 03:20:23', '2022-02-07 03:20:23'),
(340, 44, 81, '2022', '2022-02-07 03:20:23', '2022-02-07 03:20:23'),
(341, 44, 74, '2022', '2022-02-07 03:20:23', '2022-02-07 03:20:23'),
(342, 44, 69, '2022', '2022-02-07 03:20:23', '2022-02-07 03:20:23'),
(343, 44, 95, '2022', '2022-02-07 03:20:23', '2022-02-07 03:20:23'),
(344, 44, 82, '2022', '2022-02-07 03:20:23', '2022-02-07 03:20:23'),
(345, 44, 70, '2022', '2022-02-07 03:20:23', '2022-02-07 03:20:23'),
(346, 44, 96, '2022', '2022-02-07 03:21:04', '2022-02-07 03:21:04'),
(347, 44, 75, '2022', '2022-02-07 03:21:04', '2022-02-07 03:21:04'),
(348, 44, 89, '2022', '2022-02-07 03:21:04', '2022-02-07 03:21:04'),
(349, 44, 85, '2022', '2022-02-07 03:21:04', '2022-02-07 03:21:04'),
(350, 44, 77, '2022', '2022-02-07 03:21:04', '2022-02-07 03:21:04'),
(351, 44, 92, '2022', '2022-02-07 03:21:05', '2022-02-07 03:21:05'),
(352, 44, 97, '2022', '2022-02-07 03:21:05', '2022-02-07 03:21:05'),
(353, 44, 84, '2022', '2022-02-07 03:21:05', '2022-02-07 03:21:05'),
(354, 44, 79, '2022', '2022-02-07 03:21:05', '2022-02-07 03:21:05'),
(355, 44, 90, '2022', '2022-02-07 03:21:05', '2022-02-07 03:21:05'),
(356, 44, 80, '2022', '2022-02-07 03:22:36', '2022-02-07 03:22:36'),
(357, 44, 94, '2022', '2022-02-07 03:22:37', '2022-02-07 03:22:37'),
(358, 44, 87, '2022', '2022-02-07 03:22:37', '2022-02-07 03:22:37'),
(359, 44, 71, '2022', '2022-02-07 03:22:37', '2022-02-07 03:22:37'),
(360, 44, 76, '2022', '2022-02-07 03:22:37', '2022-02-07 03:22:37'),
(361, 44, 83, '2022', '2022-02-07 03:22:37', '2022-02-07 03:22:37'),
(362, 44, 98, '2022', '2022-02-07 03:22:37', '2022-02-07 03:22:37'),
(363, 44, 86, '2022', '2022-02-07 03:22:37', '2022-02-07 03:22:37'),
(364, 44, 93, '2022', '2022-02-07 03:22:37', '2022-02-07 03:22:37'),
(365, 44, 78, '2022', '2022-02-07 03:22:37', '2022-02-07 03:22:37'),
(366, 45, 91, '2022', '2022-02-07 03:23:53', '2022-02-07 03:23:53'),
(367, 45, 72, '2022', '2022-02-07 03:23:53', '2022-02-07 03:23:53'),
(368, 45, 73, '2022', '2022-02-07 03:23:53', '2022-02-07 03:23:53'),
(369, 45, 88, '2022', '2022-02-07 03:23:53', '2022-02-07 03:23:53'),
(370, 45, 81, '2022', '2022-02-07 03:23:53', '2022-02-07 03:23:53'),
(371, 45, 74, '2022', '2022-02-07 03:23:53', '2022-02-07 03:23:53'),
(372, 45, 69, '2022', '2022-02-07 03:23:53', '2022-02-07 03:23:53'),
(373, 45, 95, '2022', '2022-02-07 03:23:54', '2022-02-07 03:23:54'),
(374, 45, 82, '2022', '2022-02-07 03:23:54', '2022-02-07 03:23:54'),
(375, 45, 70, '2022', '2022-02-07 03:23:54', '2022-02-07 03:23:54'),
(376, 45, 96, '2022', '2022-02-07 03:24:22', '2022-02-07 03:24:22'),
(377, 45, 75, '2022', '2022-02-07 03:24:22', '2022-02-07 03:24:22'),
(378, 45, 89, '2022', '2022-02-07 03:24:22', '2022-02-07 03:24:22'),
(379, 45, 85, '2022', '2022-02-07 03:24:22', '2022-02-07 03:24:22'),
(380, 45, 77, '2022', '2022-02-07 03:24:22', '2022-02-07 03:24:22'),
(381, 45, 92, '2022', '2022-02-07 03:24:22', '2022-02-07 03:24:22'),
(382, 45, 97, '2022', '2022-02-07 03:24:22', '2022-02-07 03:24:22'),
(383, 45, 84, '2022', '2022-02-07 03:24:22', '2022-02-07 03:24:22'),
(384, 45, 79, '2022', '2022-02-07 03:24:22', '2022-02-07 03:24:22'),
(385, 45, 90, '2022', '2022-02-07 03:24:22', '2022-02-07 03:24:22'),
(386, 45, 80, '2022', '2022-02-07 03:24:53', '2022-02-07 03:24:53'),
(387, 45, 94, '2022', '2022-02-07 03:24:53', '2022-02-07 03:24:53'),
(388, 45, 87, '2022', '2022-02-07 03:24:53', '2022-02-07 03:24:53'),
(389, 45, 71, '2022', '2022-02-07 03:24:53', '2022-02-07 03:24:53'),
(390, 45, 76, '2022', '2022-02-07 03:24:53', '2022-02-07 03:24:53'),
(391, 45, 83, '2022', '2022-02-07 03:24:53', '2022-02-07 03:24:53'),
(392, 45, 98, '2022', '2022-02-07 03:24:53', '2022-02-07 03:24:53'),
(393, 45, 86, '2022', '2022-02-07 03:24:53', '2022-02-07 03:24:53'),
(394, 45, 93, '2022', '2022-02-07 03:24:53', '2022-02-07 03:24:53'),
(395, 45, 78, '2022', '2022-02-07 03:24:53', '2022-02-07 03:24:53'),
(396, 46, 91, '2022', '2022-02-07 03:27:14', '2022-02-07 03:27:14'),
(397, 46, 72, '2022', '2022-02-07 03:27:15', '2022-02-07 03:27:15'),
(398, 46, 73, '2022', '2022-02-07 03:27:15', '2022-02-07 03:27:15'),
(399, 46, 88, '2022', '2022-02-07 03:27:15', '2022-02-07 03:27:15'),
(400, 46, 81, '2022', '2022-02-07 03:27:15', '2022-02-07 03:27:15'),
(401, 46, 74, '2022', '2022-02-07 03:27:15', '2022-02-07 03:27:15'),
(402, 46, 69, '2022', '2022-02-07 03:27:15', '2022-02-07 03:27:15'),
(403, 46, 95, '2022', '2022-02-07 03:27:15', '2022-02-07 03:27:15'),
(404, 46, 82, '2022', '2022-02-07 03:27:15', '2022-02-07 03:27:15'),
(405, 46, 70, '2022', '2022-02-07 03:27:15', '2022-02-07 03:27:15'),
(406, 46, 96, '2022', '2022-02-07 03:28:30', '2022-02-07 03:28:30'),
(407, 46, 75, '2022', '2022-02-07 03:28:30', '2022-02-07 03:28:30'),
(408, 46, 89, '2022', '2022-02-07 03:28:30', '2022-02-07 03:28:30'),
(409, 46, 85, '2022', '2022-02-07 03:28:30', '2022-02-07 03:28:30'),
(410, 46, 77, '2022', '2022-02-07 03:28:30', '2022-02-07 03:28:30'),
(411, 46, 92, '2022', '2022-02-07 03:28:30', '2022-02-07 03:28:30'),
(412, 46, 97, '2022', '2022-02-07 03:28:30', '2022-02-07 03:28:30'),
(413, 46, 84, '2022', '2022-02-07 03:28:31', '2022-02-07 03:28:31'),
(414, 46, 79, '2022', '2022-02-07 03:28:31', '2022-02-07 03:28:31'),
(415, 46, 90, '2022', '2022-02-07 03:28:31', '2022-02-07 03:28:31'),
(416, 46, 80, '2022', '2022-02-07 03:28:58', '2022-02-07 03:28:58'),
(417, 46, 94, '2022', '2022-02-07 03:28:58', '2022-02-07 03:28:58'),
(418, 46, 87, '2022', '2022-02-07 03:28:58', '2022-02-07 03:28:58'),
(419, 46, 71, '2022', '2022-02-07 03:28:58', '2022-02-07 03:28:58'),
(420, 46, 76, '2022', '2022-02-07 03:28:59', '2022-02-07 03:28:59'),
(421, 46, 83, '2022', '2022-02-07 03:28:59', '2022-02-07 03:28:59'),
(422, 46, 98, '2022', '2022-02-07 03:28:59', '2022-02-07 03:28:59'),
(423, 46, 86, '2022', '2022-02-07 03:28:59', '2022-02-07 03:28:59'),
(424, 46, 93, '2022', '2022-02-07 03:28:59', '2022-02-07 03:28:59'),
(425, 46, 78, '2022', '2022-02-07 03:28:59', '2022-02-07 03:28:59');

-- --------------------------------------------------------

--
-- Table structure for table `kelas`
--

CREATE TABLE `kelas` (
  `id` bigint(20) UNSIGNED NOT NULL,
  `kelas` varchar(255) COLLATE utf8mb4_unicode_ci NOT NULL,
  `no_ruangan` varchar(255) COLLATE utf8mb4_unicode_ci NOT NULL,
  `guru_id` bigint(20) UNSIGNED NOT NULL,
  `deleted_at` timestamp NULL DEFAULT NULL,
  `created_at` timestamp NULL DEFAULT NULL,
  `updated_at` timestamp NULL DEFAULT NULL
) ENGINE=InnoDB DEFAULT CHARSET=utf8mb4 COLLATE=utf8mb4_unicode_ci;

--
-- Dumping data for table `kelas`
--

INSERT INTO `kelas` (`id`, `kelas`, `no_ruangan`, `guru_id`, `deleted_at`, `created_at`, `updated_at`) VALUES
(3, '1', '-', 11, NULL, '2022-02-05 09:39:12', '2022-02-07 02:58:12'),
(4, '2', '-', 15, NULL, '2022-02-05 09:39:34', '2022-02-07 02:58:25'),
(5, '3', '-', 17, NULL, '2022-02-05 09:39:51', '2022-02-07 02:58:40');

-- --------------------------------------------------------

--
-- Table structure for table `mata_pelajaran`
--

CREATE TABLE `mata_pelajaran` (
  `id` bigint(20) UNSIGNED NOT NULL,
  `mata_pelajaran` varchar(255) COLLATE utf8mb4_unicode_ci NOT NULL,
  `deleted_at` timestamp NULL DEFAULT NULL,
  `created_at` timestamp NULL DEFAULT NULL,
  `updated_at` timestamp NULL DEFAULT NULL
) ENGINE=InnoDB DEFAULT CHARSET=utf8mb4 COLLATE=utf8mb4_unicode_ci;

--
-- Dumping data for table `mata_pelajaran`
--

INSERT INTO `mata_pelajaran` (`id`, `mata_pelajaran`, `deleted_at`, `created_at`, `updated_at`) VALUES
(1, 'matematika', '2022-02-05 08:35:16', '2022-02-01 14:01:48', '2022-02-05 08:35:16'),
(2, 'Tema 1', NULL, '2022-02-01 14:01:59', '2022-02-07 03:01:09'),
(3, 'B.INGGRIS 1', NULL, '2022-02-01 14:02:11', '2022-02-05 08:38:07'),
(4, 'PJOK', NULL, '2022-02-01 14:02:21', '2022-02-01 14:02:21'),
(5, 'PAI 1', NULL, '2022-02-01 14:46:47', '2022-02-05 08:34:48'),
(6, 'TIK', '2022-02-05 08:35:10', '2022-02-03 12:28:18', '2022-02-05 08:35:10'),
(7, 'komputer', '2022-02-05 08:34:10', '2022-02-04 18:12:25', '2022-02-05 08:34:10'),
(8, 'PAI 2', NULL, '2022-02-05 08:34:57', '2022-02-05 08:34:57'),
(9, 'TEMA 1 B', '2022-02-07 02:59:55', '2022-02-05 08:35:29', '2022-02-07 02:59:55'),
(10, 'TEMA 2', NULL, '2022-02-05 08:35:37', '2022-02-07 03:00:52'),
(11, 'TEMA 2 B', '2022-02-07 03:00:21', '2022-02-05 08:35:46', '2022-02-07 03:00:21'),
(12, 'TEMA 3', NULL, '2022-02-05 08:36:00', '2022-02-07 03:00:37'),
(13, 'B.ARAB 1', NULL, '2022-02-05 08:36:25', '2022-02-05 08:36:25'),
(14, 'B. ARAB 2', NULL, '2022-02-05 08:36:36', '2022-02-05 08:36:36'),
(15, 'B. ARAB 3', NULL, '2022-02-05 08:36:55', '2022-02-05 08:36:55'),
(16, 'B.INGGRIS 2', NULL, '2022-02-05 08:37:57', '2022-02-05 08:37:57'),
(17, 'B.INGGRIS 3', NULL, '2022-02-05 08:38:16', '2022-02-05 08:38:16'),
(18, 'B. JAWA 1', NULL, '2022-02-05 08:38:31', '2022-02-05 08:38:46'),
(19, 'B. JAWA 2', NULL, '2022-02-05 08:38:54', '2022-02-05 08:38:54'),
(20, 'B. JAWA 3', NULL, '2022-02-05 08:39:02', '2022-02-05 08:39:02'),
(21, 'BTQ 1', NULL, '2022-02-05 09:21:00', '2022-02-05 09:21:00'),
(22, 'ISTIRAHAT', NULL, '2022-02-05 09:43:11', '2022-02-05 09:43:11'),
(23, 'SHOLAT DHUHUR', NULL, '2022-02-05 09:47:12', '2022-02-05 09:47:12'),
(24, 'BTQ 2', NULL, '2022-02-05 10:52:52', '2022-02-05 10:52:52'),
(25, 'BTQ 3', NULL, '2022-02-05 10:53:01', '2022-02-05 10:53:01'),
(26, 'PAI 3', NULL, '2022-02-07 02:49:39', '2022-02-07 02:49:39');

-- --------------------------------------------------------

--
-- Table structure for table `migrations`
--

CREATE TABLE `migrations` (
  `id` int(10) UNSIGNED NOT NULL,
  `migration` varchar(255) COLLATE utf8mb4_unicode_ci NOT NULL,
  `batch` int(11) NOT NULL
) ENGINE=InnoDB DEFAULT CHARSET=utf8mb4 COLLATE=utf8mb4_unicode_ci;

--
-- Dumping data for table `migrations`
--

INSERT INTO `migrations` (`id`, `migration`, `batch`) VALUES
(1, '2014_10_12_000000_create_users_table', 1),
(2, '2014_10_12_100000_create_password_resets_table', 1),
(3, '2019_08_19_000000_create_failed_jobs_table', 1),
(4, '2021_09_26_093801_create_tahun_table', 1),
(5, '2021_09_26_094135_create_hari_table', 1),
(6, '2021_09_26_094240_create_semester_table', 1),
(7, '2021_09_27_001213_create_mata_pelajaran_table', 1),
(8, '2021_09_27_065000_create_guru_table', 1),
(9, '2021_09_27_110457_create_kelas_table', 1),
(10, '2021_09_27_112547_create_jadwal_table', 1),
(11, '2021_09_28_121809_create_siswa_table', 1),
(12, '2021_09_28_124004_create_jadwal_siswa', 1),
(13, '2021_10_05_090014_create_hasil_pembelajaran_table', 1),
(14, '2021_10_05_131947_create_pembayaran_administrasi_table', 1),
(15, '2021_10_05_132045_create_tagihan_administrasi_siswa_table', 1);

-- --------------------------------------------------------

--
-- Table structure for table `password_resets`
--

CREATE TABLE `password_resets` (
  `email` varchar(255) COLLATE utf8mb4_unicode_ci NOT NULL,
  `token` varchar(255) COLLATE utf8mb4_unicode_ci NOT NULL,
  `created_at` timestamp NULL DEFAULT NULL
) ENGINE=InnoDB DEFAULT CHARSET=utf8mb4 COLLATE=utf8mb4_unicode_ci;

-- --------------------------------------------------------

--
-- Table structure for table `pembayaran_administrasi`
--

CREATE TABLE `pembayaran_administrasi` (
  `id` bigint(20) UNSIGNED NOT NULL,
  `kategori_pembayaran` varchar(255) COLLATE utf8mb4_unicode_ci NOT NULL,
  `nominal` int(11) NOT NULL,
  `deleted_at` timestamp NULL DEFAULT NULL,
  `created_at` timestamp NULL DEFAULT NULL,
  `updated_at` timestamp NULL DEFAULT NULL
) ENGINE=InnoDB DEFAULT CHARSET=utf8mb4 COLLATE=utf8mb4_unicode_ci;

--
-- Dumping data for table `pembayaran_administrasi`
--

INSERT INTO `pembayaran_administrasi` (`id`, `kategori_pembayaran`, `nominal`, `deleted_at`, `created_at`, `updated_at`) VALUES
(3, 'SPP', 150000, NULL, '2022-02-05 09:23:58', '2022-02-05 09:23:58'),
(4, 'SERAGAM BATIK', 150000, NULL, '2022-02-05 09:24:29', '2022-02-05 09:24:29'),
(5, 'SERAGAM OLAHRAGA', 75000, NULL, '2022-02-05 09:24:45', '2022-02-05 09:24:45'),
(6, 'UANG GEDUNG', 1000000, NULL, '2022-02-05 09:25:04', '2022-02-05 09:25:04'),
(7, 'TOPI', 15000, NULL, '2022-02-05 09:25:23', '2022-02-05 09:25:23'),
(8, 'SABUK', 20000, NULL, '2022-02-05 09:25:42', '2022-02-05 09:25:42');

-- --------------------------------------------------------

--
-- Table structure for table `semester`
--

CREATE TABLE `semester` (
  `id` bigint(20) UNSIGNED NOT NULL,
  `semester` varchar(255) COLLATE utf8mb4_unicode_ci NOT NULL,
  `deleted_at` timestamp NULL DEFAULT NULL,
  `created_at` timestamp NULL DEFAULT NULL,
  `updated_at` timestamp NULL DEFAULT NULL
) ENGINE=InnoDB DEFAULT CHARSET=utf8mb4 COLLATE=utf8mb4_unicode_ci;

--
-- Dumping data for table `semester`
--

INSERT INTO `semester` (`id`, `semester`, `deleted_at`, `created_at`, `updated_at`) VALUES
(1, 'Genap', '2022-02-05 09:37:33', '2022-02-01 14:05:53', '2022-02-05 09:37:33'),
(2, 'Ganjil', '2022-02-05 09:37:26', '2022-02-01 14:06:04', '2022-02-05 09:37:26'),
(3, 'ganjil', NULL, '2022-02-05 09:37:46', '2022-02-05 09:37:46'),
(4, 'genap', NULL, '2022-02-05 09:38:01', '2022-02-05 09:38:01');

-- --------------------------------------------------------

--
-- Table structure for table `siswa`
--

CREATE TABLE `siswa` (
  `id` bigint(20) UNSIGNED NOT NULL,
  `user_id` bigint(20) UNSIGNED NOT NULL,
  `nisn` varchar(255) COLLATE utf8mb4_unicode_ci DEFAULT NULL,
  `nama_depan` varchar(255) COLLATE utf8mb4_unicode_ci DEFAULT NULL,
  `nama_belakang` varchar(255) COLLATE utf8mb4_unicode_ci DEFAULT NULL,
  `tempat_lahir` varchar(255) COLLATE utf8mb4_unicode_ci DEFAULT NULL,
  `tgl_lahir` date DEFAULT NULL,
  `jk` enum('L','P') COLLATE utf8mb4_unicode_ci DEFAULT NULL,
  `gol_darah` enum('O','A','B','AB') COLLATE utf8mb4_unicode_ci DEFAULT NULL,
  `alamat` varchar(255) COLLATE utf8mb4_unicode_ci DEFAULT NULL,
  `angkatan` varchar(255) COLLATE utf8mb4_unicode_ci DEFAULT NULL,
  `tgl_masuk` date DEFAULT NULL,
  `nama_sekolah_asal` varchar(255) COLLATE utf8mb4_unicode_ci DEFAULT NULL,
  `alamat_sekolah_asal` varchar(255) COLLATE utf8mb4_unicode_ci DEFAULT NULL,
  `anak_ke` varchar(255) COLLATE utf8mb4_unicode_ci DEFAULT NULL,
  `status_anak` varchar(255) COLLATE utf8mb4_unicode_ci DEFAULT NULL,
  `foto` varchar(255) COLLATE utf8mb4_unicode_ci DEFAULT NULL,
  `status` enum('bersekolah','berhenti') COLLATE utf8mb4_unicode_ci DEFAULT NULL,
  `nama_ayah` varchar(255) COLLATE utf8mb4_unicode_ci DEFAULT NULL,
  `nama_ibu` varchar(255) COLLATE utf8mb4_unicode_ci DEFAULT NULL,
  `pekerjaan_ayah` varchar(255) COLLATE utf8mb4_unicode_ci DEFAULT NULL,
  `pekerjaan_ibu` varchar(255) COLLATE utf8mb4_unicode_ci DEFAULT NULL,
  `alamat_orang_tua` varchar(255) COLLATE utf8mb4_unicode_ci DEFAULT NULL,
  `no_telpon_orang_tua` varchar(255) COLLATE utf8mb4_unicode_ci DEFAULT NULL,
  `nama_wali` varchar(255) COLLATE utf8mb4_unicode_ci DEFAULT NULL,
  `alamat_wali` varchar(255) COLLATE utf8mb4_unicode_ci DEFAULT NULL,
  `pekerjaan_wali` varchar(255) COLLATE utf8mb4_unicode_ci DEFAULT NULL,
  `no_telpon_wali` varchar(255) COLLATE utf8mb4_unicode_ci DEFAULT NULL,
  `deleted_at` timestamp NULL DEFAULT NULL,
  `created_at` timestamp NULL DEFAULT NULL,
  `updated_at` timestamp NULL DEFAULT NULL
) ENGINE=InnoDB DEFAULT CHARSET=utf8mb4 COLLATE=utf8mb4_unicode_ci;

--
-- Dumping data for table `siswa`
--

INSERT INTO `siswa` (`id`, `user_id`, `nisn`, `nama_depan`, `nama_belakang`, `tempat_lahir`, `tgl_lahir`, `jk`, `gol_darah`, `alamat`, `angkatan`, `tgl_masuk`, `nama_sekolah_asal`, `alamat_sekolah_asal`, `anak_ke`, `status_anak`, `foto`, `status`, `nama_ayah`, `nama_ibu`, `pekerjaan_ayah`, `pekerjaan_ibu`, `alamat_orang_tua`, `no_telpon_orang_tua`, `nama_wali`, `alamat_wali`, `pekerjaan_wali`, `no_telpon_wali`, `deleted_at`, `created_at`, `updated_at`) VALUES
(3, 11, '0147570998', 'NAFISHA RISYAHIL', 'FIRDIROHMAN', 'SIDOARJO', '2014-01-22', 'P', 'O', 'JL.PASIR BARAT NO.17 RT.01 RW.01 DESA WEDI GEDANGAN', '2021', '2021-06-20', 'MADINATUL ILMI', 'Jl. Raya wedi', '2', 'kandung', 'assets/gambar/HYMOKwKLaT2SgKwXinxGSkyFmNemKAaOlGtp6yFY.jpg', 'bersekolah', NULL, NULL, 'SWASTA', 'Rumah Tangga', 'JL.PASIR BARAT NO.17 RT.01 RW.01 DESA WEDI GEDANGAN', '6283856242444', '-', NULL, '-', '-', NULL, '2022-02-05 06:00:32', '2022-02-06 18:24:14'),
(4, 12, '0142653888', 'PANDU NABIHAN', 'NUSWANTARA', 'SURABAYA', '2014-08-22', 'L', 'A', 'JL.MAWAR NO. 23 KETAJEN GEDANGAN', '2021', '2021-06-20', 'DHARMA WANITA', 'Jl. Raya Ketajen', '1', 'kandung', 'assets/gambar/CHfAnkibdkR9YzkZuxSMlQIsyGKHsxMWEEFMhAQ5.jpg', 'bersekolah', 'ACHMAD HARIMAN', 'EVI NURMA RAHAYU RAHMAWATI', 'WIRASWASTA', 'SWASTA', 'JL.MAWAR NO. 23 KETAJEN GEDANGAN', '6281333823668', NULL, NULL, '-', '-', NULL, '2022-02-05 06:06:13', '2022-02-06 19:01:30'),
(5, 15, '0146038311', 'ABIDAH SILFA', 'SAIFULLAH', 'SIDOARJO', '2014-08-09', 'P', 'B', 'JL.APEL NO.36 RT.04 RW.04 TUMAPEL KETAJEN GEDANGAN', '2021', '2020-12-14', 'RA.TERPADU NURUL IMAN', 'Jl. KH. Harun Ishaq', '2', 'kandung', 'assets/gambar/VxCW7iiT316BITO8TpWqEOvLqT3hnY1BLuHSRhzB.jpg', 'bersekolah', 'SAIPUL', 'SRI RAHAYU', 'SWASTA', 'Rumah Tangga', 'JL.APEL NO.36 RT.04 RW.04 TUMAPEL KETAJEN GEDANGAN', '6281332092880', '-', NULL, '-', '-', NULL, '2022-02-05 06:11:44', '2022-02-06 15:28:03'),
(6, 16, '3154649976', 'SILMI RAHMA', 'SETYAWAN', 'MALANG', '2015-03-21', 'P', 'AB', 'JL.BOUGENVIL RT.01 RW.03 DESA KETAJEN', '2021', '2021-06-20', 'RA.TERPADU NURUL IMAN', 'jl. kh harun ishaq', '1', 'kandung', 'assets/gambar/2XUfwuafiWxakZ987ajW9Mlm9gZuLKjzdVCmWqcR.jpg', 'bersekolah', 'NANANG EKO SETYAWAN', 'KUNTI AYU FANURI CITRA RESMI', 'SWASTA', 'SWASTA', 'JL.BOUGENVIL RT.01 RW.03 DESA KETAJEN', '6281332092880', '-', '-', NULL, NULL, NULL, '2022-02-05 06:32:29', '2022-02-05 06:32:29'),
(7, 17, '3157237973', 'ABRAHAM ZAFRAN', 'KHARISMA', 'SURABAYA', '2015-02-21', 'L', 'O', 'JL.KH.HARUN ISHAQ NO.15 RT.01/02 KETAJEN', '2021', '2021-06-20', 'RA.TERPADU NURUL IMAN', 'Jl. KH. Harun Ishaq', '1', 'kandung', 'assets/gambar/G3w4x3CyqmdDBJgXB2TESR3d2ScZm2dSYA3rWNTW.jpg', 'bersekolah', 'GARRID KHARISMA', 'MUNDHIROTUL IFADA', 'KONSULTAN', 'Rumah Tangga', 'JL.WIRABUMI NO.103 B GEDANGAN', '6281230269889', NULL, NULL, NULL, NULL, NULL, '2022-02-05 07:05:09', '2022-02-06 15:30:23'),
(8, 18, '0145425856', 'FADHIL YOQDHAN', 'NASRULLAH', 'KEDIRI', '2014-07-30', 'L', 'O', 'DS.WEDI RT.01 RW.02 NO 17 KEC.GEDANGAN', '2021', '2021-06-20', 'MADINATUL ILMI', 'Jl. Raya wedi', '1', 'kandung', 'assets/gambar/Dzc2mjtfSII2DrYixqGpW1XtPRkDP4rB6rB0a1Iy.jpg', 'bersekolah', 'M. SYAIFUL ANAM', 'EVA NURHAYATI', 'SWASTA', 'SWASTA', 'DS.WEDI RT.01 RW.02 NO 17 KEC.GEDANGAN', NULL, NULL, NULL, NULL, NULL, NULL, '2022-02-05 07:45:03', '2022-02-06 18:34:39'),
(9, 19, '0146077887', 'HAFIZ AUFA SYAHRUL', 'RAMADHAN', 'SIDOARJO', '2014-06-28', 'L', 'A', 'JL.PASIR BARAT NO.05 DSN TUMAPEL RT.03 RW.05 DS.KETAJEN', '2021', '2021-06-20', 'YPI MADINATUL ILMI', 'JL.PASIR BARAT NO.05 DSN TUMAPEL RT.03 RW.05 DS.KETAJEN', '1', 'kandung', 'assets/gambar/TfWqzJxp4NoWLT4aw2ZlaeCBobqKYq3cs1iNhvje.jpg', 'bersekolah', 'EKO PRASETYO', 'LISTIAWATI', 'SWASTA', 'SWASTA', 'JL.PASIR BARAT NO.05 DSN TUMAPEL RT.03 RW.05 DS.KETAJEN', NULL, NULL, NULL, NULL, NULL, NULL, '2022-02-05 07:48:04', '2022-02-06 18:37:51'),
(10, 20, '3153710331', 'REZIVA AHMAD', 'FILBARCA', 'SURABAYA', '2015-02-21', 'P', 'B', 'JL.KH.HARUN ISHAQ NO.15 RT.01/02 KETAJEN', '2021', '2021-06-20', 'RA TERPADU NURUL IMAN', 'JL.KH.HARUN ISHAQ NO.15 RT.01/02 KETAJEN', '2', 'kandung', NULL, 'bersekolah', 'AHMAD BAHAUDDIN AL MUHAYYI', 'MARIAM ULFA', 'SWASTA', 'Rumah Tangga', 'JL.KH.HARUN ISHAQ NO.15 RT.01/02 KETAJEN', '6285749898220', NULL, NULL, NULL, NULL, NULL, '2022-02-05 07:51:05', '2022-02-05 07:51:05'),
(11, 21, '3140071388', 'MUHAMMAD ALTHAF', 'ARBYANSYAH', 'SIDOARJO', '2014-11-24', 'L', 'AB', 'JL.KALI ANYAR RT.07 RW 02 DS.KRAGAN KEC.GEDANGAN', '2021', '2021-06-20', 'RA.KASTAMAH TERPADU', 'Jl. Raya Wedi', '1', 'kandung', 'assets/gambar/JQ3XGhNWCPyvo821OXlyH2tazc82yljwAVEtWmux.jpg', 'bersekolah', 'ARIS WIDODO', 'ROBI\'ATUL ADAWIYAH', 'SWASTA', 'GURU', 'JL.KALI ANYAR RT.07 RW 02 DS.KRAGAN KEC.GEDANGAN', '6285855830666', NULL, NULL, NULL, NULL, NULL, '2022-02-05 08:01:31', '2022-02-05 08:01:31'),
(12, 22, '0143094137', 'NAZRIL', 'IRHAM', 'Sidoarjo', '2014-08-03', 'L', 'O', 'JL. APEL 49 RT.03/04 TUMAPEL-KETAJEN', '2021', '2021-06-20', 'MADINATUL ILMI', 'Jl. Raya wedi', '1', 'kandung', 'assets/gambar/RPXswy2Q0TTi5jDcitzrUKl44hV27r2UIa0M39jw.jpg', 'bersekolah', 'ANDI SULIS HARIYANTO', 'ANGGELA PRATIKA DEWI', 'SWASTA', 'SWASTA', 'JL. APEL 49 RT.03/04 TUMAPEL-KETAJEN', '6285706707478', NULL, NULL, NULL, NULL, NULL, '2022-02-05 08:04:29', '2022-02-05 08:04:29'),
(13, 23, '3144602179', 'NAILA', 'ANISA', 'SIDOARJO', '2014-09-03', 'P', 'A', 'JL. PAHLAWAN No..02 RT.01/10 GEDANGAN', '2021', '2021-06-20', 'RA TERPADU NURUL IMAN', 'JL.KH.HARUN ISHAQ  RT.01/02 KETAJEN', '2', 'kandung', 'assets/gambar/mjJDliO44ful4x3O9U3uhOk9Ljlu7EkZ4Y21PAzK.jpg', 'bersekolah', 'MOH. SOLEH', 'MISNATI', 'SWASTA', 'WIRASWASTA', 'JL. PAHLAWAN No..02 RT.01/10 GEDANGAN', '6281916416585', NULL, NULL, NULL, NULL, NULL, '2022-02-05 08:07:37', '2022-02-05 08:07:37'),
(14, 24, '3156785859', 'MUHAMAD KHOZIN KHOIRUDIN', 'ABBAS', 'SIDOARJO', '2015-01-17', 'L', 'A', 'JL. WIRABUMI GG. FLAMBOYAN RT.02/07 GEDANGAN', '2021', '2021-06-20', 'RA TERPADU NURUL IMAN', 'JL.KH.HARUN ISHAQ NO.15 RT.01/02 KETAJEN', '1', 'kandung', 'assets/gambar/riIDAqDFXdh3btukq4zwW74TvCA2LyJh6YENzkQE.jpg', 'bersekolah', 'SAYURI', 'AMSIYAH', 'WIRASWASTA', 'WIRASWASTA', 'JL. WIRABUMI GG. FLAMBOYAN RT.02/07 GEDANGAN', '6287879565139', NULL, NULL, NULL, NULL, NULL, '2022-02-05 08:11:17', '2022-02-05 08:11:17'),
(15, 25, '3157199623', 'MIKAYLA SHAKIRA', 'SALIM', 'SIDOARJO', '2015-01-12', 'P', 'B', 'JL. KENANGA KETAAJEN', '2021', '2021-06-20', 'RA.NURUL IMAN', 'JL.KH.HARUN ISHAQ NO.15 RT.01/02 KETAJEN', '1', 'kandung', 'assets/gambar/INYx6SL89alW0nnFNvMZank1zm5XkCARxSmZaSi0.jpg', 'bersekolah', 'M. AGUS SALIM', 'ENI YULIANTI', 'SWASTA', 'WIRASWASTA', 'JL.KENANGA KETAJEN', '6281230269889', NULL, NULL, NULL, NULL, NULL, '2022-02-05 08:19:27', '2022-02-05 08:19:27'),
(16, 26, '3142559618', 'ACHMAD FURQON', 'AL-MALIQI', 'SIDOARJO', '2014-03-13', 'L', 'AB', 'JL. KANJENG JIMAT RT.04/09 LEMAH ASIN GEDANGAN', '2021', '2021-06-20', 'RA.NURUL IMAN', 'JL.KH.HARUN ISHAQ NO.15 RT.01/02 KETAJEN', '2', 'kandung', 'assets/gambar/OUs8SFukgvvL5107V4FuzD5eVbcc7tDaK5QjAb9s.jpg', 'bersekolah', 'USMAN MALIK', 'LILIK IFANAH', 'SWASTA', 'SWASTA', 'JL. KANJENG JIMAT RT.04/09 LEMAH ASIN GEDANGAN', '6283856242444', NULL, NULL, NULL, NULL, NULL, '2022-02-05 08:23:02', '2022-02-06 15:31:42'),
(17, 27, '3152177182', 'HAIBAH', 'MA\'RIFATUNNISA', 'SIDOARJO', '2015-05-31', 'P', 'O', 'JL. PASIR TIMUR RT.02/03 WEDI GEDANGAN', '2021', '2021-06-20', 'RA.NURUL IMAN', 'JL.KH.HARUN ISHAQ NO.15 RT.01/02 KETAJEN', '2', 'kandung', 'assets/gambar/wYVubbhXK2MfCKtED7dd9XNK9WSsOBm64kRcCvNX.jpg', 'bersekolah', 'AKHMAD KUSEN', 'SITI NINGSIH', 'WIRASWASTA', 'WIRASWASTA', 'JL. PASIR TIMUR RT.02/03 WEDI GEDANGAN', '6285655880070', NULL, NULL, NULL, NULL, NULL, '2022-02-05 08:26:42', '2022-02-06 18:38:32'),
(18, 28, '3144331636', 'FACHRI ZHAFRAN', 'AL HAFIZD', 'SIDOARJO', '2014-09-08', 'L', 'A', 'JL. BALAI DESA GG. CERMAI RT.02/01 TEBEL BARAT', '2021', '2021-06-20', 'R.A TERPADU NURUL IMAN', 'JL.KH.HARUN ISHAQ NO.15 RT.01/02 KETAJEN', '2', 'kandung', 'assets/gambar/z7mFEapQrcODxEzEv89EMw7Ugc7MKmv2cZDiLYgQ.jpg', 'bersekolah', 'SETYO DWI PRIBADI', 'INAYATUS SHOLICHAH', 'SWASTA', 'GURU', 'JL. BALAI DESA GG. CERMAI RT.02/01 TEBEL BARAT', '6283857015903', NULL, NULL, NULL, NULL, NULL, '2022-02-05 08:30:12', '2022-02-06 18:33:53'),
(19, 29, '0143016357', 'MUHAMMAD ALI HANAFIAN', 'AKBAR', 'BLITAR', '2014-09-06', 'L', 'A', 'PUNGGUL RT.02 RW.04 GEDANGAN', '2021', '2021-06-20', 'R.A TERPADU NURUL IMAN', 'JL.KH.HARUN ISHAQ NO.15 RT.01/02 KETAJEN', '1', 'kandung', 'assets/gambar/iCbi38uOu56zc9TfZlrCgHDAuv9C0kUJpG6D4xio.jpg', 'bersekolah', 'MOHAMMAD NIZAR', 'SITI ROMELAH', 'SWASTA', 'Rumah Tangga', 'PUNGGUL RT.02 RW.04 GEDANGAN', '6285746305223', NULL, NULL, NULL, NULL, NULL, '2022-02-05 15:58:24', '2022-02-06 18:25:50'),
(20, 30, '3145137466', 'FATIMAH', 'AZ\'ZAHRA', 'SURABAYA', '2014-04-26', 'P', 'AB', 'JL.KAMBOJA RT.01/03 KETAJEN-GEDANGAN', '2021', '2021-06-20', 'RA TERPADU NURUL IMAN', 'JL.KH.HARUN ISHAQ NO.15 RT.01/02 KETAJEN', '1', 'kandung', 'assets/gambar/O98DSv2bNA5GUqNTnSeS6thBhjgRX3rnZg2fQzOu.jpg', 'bersekolah', 'YOGA MANDIRI', 'NURUL WAHYUNINGRUM', 'TNI-AL', 'Rumah Tangga', 'JL.KAMBOJA RT.01/03 KETAJEN-GEDANGAN', '6282140016726', NULL, NULL, NULL, NULL, NULL, '2022-02-05 16:04:23', '2022-02-06 18:36:04'),
(21, 31, '0145451244', 'AULIA', 'IZZATUNNISA', 'SIDOARJO', '2014-09-08', 'P', 'O', 'JL. MANGGIS No..30 RT.02/05 TUMAPEL', '2021', '2021-06-20', 'RA TERPADU NURUL IMAN', 'JL.KH.HARUN ISHAQ NO.15 RT.01/02 KETAJEN', '1', 'kandung', 'assets/gambar/vX7zHPqnkovCqCOiP9eV3nltkHhoedDAIyK1jeNc.jpg', 'bersekolah', 'MOCHAMAD HERU WIDIANTO', 'ANIK SA\'ADAH', 'SWASTA', 'Rumah Tangga', 'JL. MANGGIS No..30 RT.02/05 TUMAPEL', '6285746883995', NULL, NULL, NULL, NULL, NULL, '2022-02-05 16:12:42', '2022-02-06 18:22:26'),
(22, 32, '3145225629', 'NAFISA DANIA', 'RAHMA', 'SURABAYA', '2014-06-16', 'P', 'A', 'JL.WIRABUMI No.72 RT.03/08 GEDANGAN', '2021', '2021-06-20', 'RA TERPADU NURUL IMAN', 'JL.KH.HARUN ISHAQ NO.15 RT.01/02 KETAJEN', '2', 'kandung', 'assets/gambar/ZGfwyzKVZTHyuh3d8nBw6z3beSQf7M5d5970AqjC.jpg', 'bersekolah', 'MUHAMMAD SHOLIKHAN', 'SRI LESTARI', 'WIRASWASTA', 'GURU TK', 'JL.WIRABUMI No.72 RT.03/08 GEDANGAN', '6281703561817', NULL, NULL, NULL, NULL, NULL, '2022-02-05 16:16:20', '2022-02-06 18:25:00'),
(23, 33, '0145560211', 'KIKANDRYAS', 'AZZALFA', 'MALANG', '2014-06-19', 'P', 'A', 'JL. WIRABUMI RT.04/08 GEDANGAN', '2021', '2021-06-20', 'RA TERPADU NURUL IMAN', 'JL.KH.HARUN ISHAQ NO.15 RT.01/02 KETAJEN', '2', 'kandung', 'assets/gambar/RIyTbK52t8YmvforYnATc9OKtK27pDgkmBiElsh4.jpg', 'bersekolah', 'ABDUL MUIS', 'SUTINI NUR AISAH', 'SWASTA', 'SWASTA', 'JL. WIRABUMI RT.04/08 GEDANGAN', '6281261540518', NULL, NULL, NULL, NULL, NULL, '2022-02-05 16:36:51', '2022-02-05 16:36:51'),
(24, 34, '0146554378', 'SALSABILA AZZAHRA', 'PUTRI', 'SIDOARJO', '2014-11-01', 'P', 'AB', 'JL. WIRABUMI RT.05/08 No..20 GEDANGAN', '2021', '2021-06-20', 'RA TERPADU.NURUL IMAN', 'JL.KH.HARUN ISHAQ NO.15 RT.01/02 KETAJEN', '1', 'kandung', 'assets/gambar/uehPzuKGBYo8smwJiBg2jFpdarUOcVVsJFgi9qI1.jpg', 'bersekolah', 'NUR ALIM', 'SHOLICHAH', 'SWASTA', 'WIRASWASTA', 'JL. WIRABUMI RT.05/08 No..20 GEDANGAN', '085646161404', NULL, NULL, NULL, NULL, NULL, '2022-02-05 16:41:03', '2022-02-05 16:41:03'),
(25, 35, '0147610671', 'MUHAMMAD ABRAHAM ALEXI', 'LEO PRATAMA', 'SIDOARJO', '2014-07-04', 'L', 'B', 'JL.KH.HARUN ISHAQ RT.03/03 KETAJEN', '2021', '2021-06-20', 'TK. DHARMA WANITA', 'Jl. Raya ketajen', '1', 'kandung', 'assets/gambar/kv1hnm9KSQmXzffxRwduhzWcYZPcMEgmY74Pexog.jpg', 'bersekolah', 'AHMAD YONGKY', 'NUR IDA CAHYANI', 'SWASTA', 'SWASTA', 'JL. KH. HARUN ISHAQ RT.03/03 KETAJEN', '6283834180912', NULL, NULL, NULL, NULL, NULL, '2022-02-05 16:44:31', '2022-02-05 16:44:31'),
(26, 36, '0145802136', 'ADIVA AFSHEEN SHAKILA', 'WICAKSONO', 'SIDOARJO', '2014-09-10', 'P', 'AB', 'JL. PASIR TIMUR No.01 RT.05 RW.03 WEDI GEDANGAN', '2021', '2021-06-20', 'RA. KASTAMAH TERPADU', 'Jl. Raya wedi', '2', 'kandung', 'assets/gambar/5yTzuqnRBw5A4VrHODM4qQuLp9e1OO9zolshY2hm.jpg', 'bersekolah', 'NOVID DIAN WICAKSONO', 'DWI SETIAWATI', 'SWASTA', 'Rumah Tangga', 'JL. PASIR TIMUR No.01 RT.05 RW.03 WEDI GEDANGAN', '628123131495', NULL, NULL, NULL, NULL, NULL, '2022-02-05 16:48:33', '2022-02-06 15:36:16'),
(27, 37, '0141598869', 'ILYANA', 'BILQIS', 'BANGKALAN', '2014-06-09', 'P', 'AB', 'MAGERSARI, RT.03/08', '2021', '2021-06-20', 'TK.DHARMA WANITA', 'JL.RAYA KETAJEN', '1', 'kandung', 'assets/gambar/qQMm7QXCVbaV1rqGZSWpHT6LafVHdn7P5UopY7aI.jpg', 'bersekolah', 'MUHAMMAD WARI', 'SITI KHOLIFAH', 'WIRASWASTA', 'WIRASWASTA', 'MAGERSARI, RT.03/08', '6281999911997', NULL, NULL, NULL, NULL, NULL, '2022-02-05 17:16:50', '2022-02-05 17:16:50'),
(28, 38, '0143166215', 'ALYA RIZKI', 'RAMADHANI', 'SURABAYA', '2014-07-09', 'P', 'B', 'RUMDIS BRIGIF 2 MARINIR JUANDA BLOK D-9', '2021', '2021-06-20', 'TK.DHARMA WANITA', 'JL.RAYA KETAJEN', '1', 'kandung', 'assets/gambar/50AULKS4ZZuPeEfbH2XquJO6Yahp3TxZu0sgrOlk.jpg', 'bersekolah', 'NOVAN UTOMO SAPUTRO', 'NUR MAULIDIA', 'TNI-AL', 'SWASTA', 'RUMDIS BRIGIF 2 MARINIR JUANDA BLOK D-9', '6285335688151', NULL, NULL, NULL, NULL, NULL, '2022-02-05 17:20:21', '2022-02-06 18:21:24'),
(29, 39, '0148572265', 'NAHWA SAIDA', 'AABIDAH', 'SIDOARJO', '2014-10-05', 'P', 'B', 'KEDUNG REJO TIMUR No..38 RT.02/01 WARU', '2021', '2021-06-20', 'MADINATUL ILMI', 'JL. RAYA WEDI', '1', 'kandung', 'assets/gambar/sc9GseeUnN5aNWl7V6fm8bestyAaFvQvLHKUzN45.jpg', 'bersekolah', 'MOKHAMMAD SHOKHIFAN', 'MISNAH', 'SWASTA', 'SWASTA', 'KEDUNG REJO TIMUR No..38 RT.02/01 WARU', '6285104702333', NULL, NULL, NULL, NULL, NULL, '2022-02-05 17:24:07', '2022-02-05 17:24:07'),
(30, 40, '0144798442', 'NASYATIZACKA RAFIF', 'AL RIZA', 'NGAWI', '2014-05-19', 'L', 'B', 'KAYANGAN DIWEK JOMBANG', '2021', '2021-06-20', 'TK. TAPAS WARU', 'WARU SIDOARJO', '1', 'kandung', 'assets/gambar/ESxygkDLG89tQWsriJQKYIzsmBSqxKQdrS8doh3i.jpg', 'bersekolah', 'MOCH. BADALUL', 'IKA ROHMAWATI', 'SWASTA', 'WIRASWASTA', 'KAYANGAN DIWEK JOMBANG', '6285655405075', NULL, NULL, NULL, NULL, NULL, '2022-02-05 17:28:03', '2022-02-05 17:28:03'),
(31, 41, '0146782838', 'MUCHAMMAD BINTANG', 'RAMADHAN', 'SIDOARJO', '2014-07-09', 'L', 'B', 'SAWAHAN GG IV/32 RT.03/03 SUKOMULYO LAMONGAN', '2021', '2021-06-20', 'RA. NURUL IMAN', 'JL.KH.HARUN ISHAQ NO.15 RT.01/02 KETAJEN', '1', 'kandung', 'assets/gambar/sGHXzqt714F9KmRwcrs4NCdpJ4xhDkF0JMVST8qt.jpg', 'bersekolah', 'AKHMAD ROKHIM', 'MIA BETAVIA HASTA KARTIKA', 'WIRASWASTA', 'SWASTA', 'SAWAHAN GG IV/32 RT.03/03 SUKOMULYO LAMONGAN', '6282144405883', NULL, NULL, NULL, NULL, NULL, '2022-02-05 17:32:53', '2022-02-05 17:32:53'),
(32, 42, '3140096105', 'AHMAD ZAKI', 'MUBAROK', 'SIDOARJO', '2014-07-07', 'L', 'A', 'JL. GARUDA No..69 RT.04/01 SEMAMBUNG GEDANGAN', '2021', '2021-06-20', 'RA.NURUL IMAN', 'JL.KH.HARUN ISHAQ NO.15 RT.01/02 KETAJEN', '1', 'kandung', 'assets/gambar/vPn7f2WG3knclxNLVOBfD9gk5de0GFMocCoOKSGN.jpg', 'bersekolah', 'HARITS ABDULLAH', 'LINDAH NUR APRILIAH', 'SWASTA', 'SWASTA', 'JL. GARUDA No.69 RT.04/01 SEMAMBUNG GEDANGAN', '6282257650619', NULL, NULL, NULL, NULL, NULL, '2022-02-05 17:36:48', '2022-02-06 15:36:54'),
(33, 43, '0152957789', 'AZALEA SHEINAFIA', 'TUZZAHRA', 'TASIKMALAYA', '2015-01-31', 'P', 'A', 'JL. WIRABUMI RT.02/07 No.26 GEDANGAN', '2021', '2021-06-20', 'MADINATUL ILMI', 'JL. RAYA WEDI', '3', 'kandung', 'assets/gambar/4NUEsMdxQ5rNvx1o7akDn8ioehwQZfSVmGd3m9DG.jpg', 'bersekolah', 'TOTO TOHADI', 'KARTIKA', 'TNI-AL', 'Rumah Tangga', 'JL. WIRABUMI RT.02/07 No.26 GEDANGAN', '6281252722205', NULL, NULL, NULL, NULL, NULL, '2022-02-05 17:40:52', '2022-02-06 18:23:21'),
(34, 44, '0149504845', 'GHAZI ALFATH ABDU', 'MUGHNI SUDJA\'I', 'SURABAYA', '2014-01-23', 'L', 'A', 'JL. RADEN KANJENG JIMAT RT.04/07 No..05 GEDANGAN', '2021', '2021-06-20', 'MADINATUL ILMI', 'JL RAYA WEDI', '1', 'kandung', 'assets/gambar/i98K8QGCDVtkVo6Su0OWAenEmi9yFaSOfUMq5v45.jpg', 'bersekolah', 'ERIC JOHAN JUKUNAR', 'NUR HASANAH', 'WIRASWASTA', 'WIRASWASTA', 'JL. RADEN KANJENG JIMAT RT.04/07 No..05 GEDANGAN', '085859430667', NULL, NULL, NULL, NULL, NULL, '2022-02-05 17:45:37', '2022-02-06 18:37:18'),
(35, 45, '0145181983', 'MUHAMMAD DAIM AKBAR', 'ABRISAM AHZA', 'SIDOARJO', '2014-11-23', 'L', 'B', 'RT.02/02 DESA WEDI', '2021', '2021-06-20', 'MADINATUL ILMI', 'JL RAYA WEDI', '1', 'kandung', 'assets/gambar/DZFcoYqN6aQgBWzLQmnSLsTha0jG0QQPUbMiHtQH.jpg', 'bersekolah', 'SANDRA WICAKSANA', 'TITIK UMIATI', 'SWASTA', 'SWASTA', 'RT.02/02 DESA WEDI', '6282241928105', NULL, NULL, NULL, NULL, NULL, '2022-02-05 17:49:32', '2022-02-05 17:49:32'),
(36, 46, '0158932851', 'SYAFIRA PUTRI', 'EL VIZA', 'SIDOARJO', '2015-01-03', 'P', 'A', 'JL. MAKMUR No.. 156 RT.01/01 BETRO SEDATI', '2021', '2021-06-20', 'MADINATUL ILMI', 'JL. RAYA WEDI', '1', 'kandung', 'assets/gambar/OgRoRklBQb6nrpOHvfeAw5Lqejufck4cz2PbYani.jpg', 'bersekolah', 'MOHAMMAD THORIQUN NAJA', 'NUR VITA VIDIANA', 'SWASTA', 'SWASTA', 'JL. MAKMUR No.. 156 RT.01/01 BETRO SEDATI', '628158242015', NULL, NULL, NULL, NULL, NULL, '2022-02-05 17:53:44', '2022-02-05 17:53:44'),
(37, 47, '0154354117', 'MUHAMMAD YUSUF', 'ALFARIZI', 'SIDOARJO', '2015-03-29', 'L', 'B', 'JL. MAKMUR No.. 156 RT.01/01 BETRO SEDATI', '2021', '2021-06-20', 'MADINATUL ILMI', 'JL. RAYA WEDI', '1', 'kandung', 'assets/gambar/5Mjqq8WgiYviP0YzvdiWCv79C8UHKcdhR05QMnI7.jpg', 'bersekolah', 'YOVI AFIANTO', 'USWATUN KHASANAH', 'SWASTA', 'SWASTA', 'JL. MAKMUR No.. 156 RT.01/01 BETRO SEDATI', '6281539340003', NULL, NULL, NULL, NULL, NULL, '2022-02-05 17:56:36', '2022-02-05 17:56:36'),
(38, 48, '0156879716', 'HANDY AZIDATUL', 'MAHFUDHAH', 'SIDOARJO', '2015-03-06', 'P', 'A', 'JL. PAHLAWAN No..02 RT.01/10 LEMAH ASIN GEDANGAN', '2021', '2021-06-20', 'TK plus ASSALAM', 'JL. RAYA GEDANGAN', '4', 'kandung', 'assets/gambar/GQKsoCh7WeqJ9TCeTmnYr4QeaZJHmTvG6XBccBCj.jpg', 'bersekolah', 'HENDRY PAMBUDIONO', 'WINDY ASTUTI', 'SWASTA', 'Rumah Tangga', 'JL. PAHLAWAN No..02 RT.01/10 LEMAH ASIN GEDANGAN', '6282290735040', NULL, NULL, NULL, NULL, NULL, '2022-02-05 18:01:27', '2022-02-05 18:01:27'),
(39, 49, '3144276678', 'FATAN ALBAHRI IZDIHAR', 'RAMADAN', 'PASURUAN', '2014-07-19', 'L', 'A', 'JL. APEL RT.03/04 TUMAPEL', '2021', '2021-06-20', 'RA AL FITRIYAH IV', 'PASURUAN', '2', 'kandung', 'assets/gambar/94TAvxEtBNLJJsuONmmu48SJ6r5O5vkuuMrtCawl.jpg', 'bersekolah', 'M. TAUFIQ', 'CICIK FARIDA', 'SWASTA', 'Rumah Tangga', 'JL. APEL RT.03/04 TUMAPEL', '6281917194439', NULL, NULL, NULL, NULL, NULL, '2022-02-05 18:07:00', '2022-02-06 18:35:23'),
(40, 50, '0156935982', 'SEBASTIAN VARREL', 'FEBRIANSYAH', 'SIDOARJO', '2015-02-07', 'L', 'A', 'PERUM VALENCIA RESIDENCE AA 4/20 RT.01/ RW.06', '2021', '2021-06-20', 'TK AL-HIKMA GEMURUNG PAP', 'GEMURUNG', '1', 'kandung', 'assets/gambar/lZJn7WxWYm9oqB7pXsTUFfv8IGZZrhSB5WfGu7t3.jpg', 'bersekolah', 'AGUS SAPUTRO', 'SUSWATI', 'SWASTA', 'Rumah Tangga', 'PERUM VALENCIA RESIDENCE AA 4/20 RT.01/ RW.06', '085730137776', NULL, NULL, NULL, NULL, NULL, '2022-02-05 18:13:00', '2022-02-05 18:13:00'),
(41, 51, '0156280114', 'SEBASTIAN VERREL', 'FEBRIANSYAH', 'SIDOARJO', '2015-02-07', 'L', 'A', 'PERUM VALENCIA RESIDENCE AA 4/20 RT.01/ RW.06', '2021', '2021-06-20', 'TK AL-HIKMA GEMURUNG PAP', 'GEMURUNG GEDANGAN', '4', 'kandung', 'assets/gambar/Zx9okIgyzJWJRrZpr9XtTI1cK6qzCRmgPSxCSiUr.jpg', 'bersekolah', 'AGUS SAPUTRO', 'SUSWATI', 'SWASTA', 'Rumah Tangga', 'PERUM VALENCIA RESIDENCE AA 4/20 RT.01/ RW.06', '085730137776', NULL, NULL, NULL, NULL, NULL, '2022-02-05 18:18:22', '2022-02-05 18:18:22'),
(42, 52, '3124618077', 'ACHMAD RIZKY WIKA', 'RADITIYA', 'SIDOARJO', '2012-03-29', 'L', 'A', 'Jl.Wirabumi Rt.02 Rw.08 GEDANGAN', '2021', '2021-06-20', 'TK.DHARMA WANITA KETAJEN', 'JL. RAYA KETAJEN', '2', 'kandung', 'assets/gambar/SJZ9ubeGdvn2kMouqxS1QMMmeAXBJ4S6Nz8iFig2.jpg', 'bersekolah', 'Nanang Ardiyanto', 'ERLIYANTI', 'SWASTA', 'Rumah Tangga', 'Jl.Wirabumi Rt.02 Rw.08 GEDANGAN', '6285755863725', NULL, NULL, NULL, NULL, NULL, '2022-02-05 18:37:02', '2022-02-06 15:35:35'),
(43, 53, '3127172449', 'AINI', 'SHOLECHA', 'SIDOARJO', '2012-09-19', 'P', 'A', 'Magersari RT 1 RW 6', '2019', '2019-03-05', 'KB/TK SHALAHUDDIN', 'PURI SURYA JAYA GEDANGAN', '6', 'kandung', 'assets/gambar/npQQlisuibkdtfwCOKqNpl9X3FpwKcr1K6xyUdHZ.jpg', 'bersekolah', 'PAKHOR', 'MARFU\'A', 'SWASTA', 'SWASTA', 'Magersari RT 1 RW 6 Gedangan', '+6282234619812/085607212773', NULL, NULL, NULL, NULL, NULL, '2022-02-05 18:43:30', '2022-02-06 18:20:46'),
(44, 55, '3139396554', 'DHIMAS KAYANA', 'NAYOTTAMA', 'SIDOARJO', '2013-01-04', 'L', 'O', 'Jl. wirabumi Gg. nusa indah Rt 4 rw 7', '2019', '2019-03-05', 'TK.SHALAHUDDIN', 'PURI SURYA JAYA GEDANGAN', '2', 'kandung', 'assets/gambar/5tqPEsKlo9EriWzZ4hZ8LQZMufOfZjqfkqZh4pes.jpg', 'bersekolah', 'MOHAMMAD ILYAS', 'SITI PURWATI', 'SWASTA', 'SWASTA', 'Jl. wirabumi Gg. nusa indah Rt 4 rw 7', '+6282340314472', NULL, NULL, NULL, NULL, NULL, '2022-02-05 18:49:37', '2022-02-06 18:32:15'),
(45, 56, '0123488649', 'FRIMA', 'LUTFI', 'SIDOARJO', '2012-08-23', 'L', 'O', 'Jl. mawar 1 rt 4 rw 3 ketajen', '2019', '2019-06-19', 'TK. DHARMA WANITA', 'JL. RAYA KETAJEN', '2', 'kandung', 'assets/gambar/x0G7P45QS6Wxeq5cwujw0pzpgSYDmuv6i5sACOMM.jpg', 'bersekolah', 'SUSANTO', 'SOLICHAH', 'TNI', 'PERAWAT', 'Jl. mawar 1 rt 4 rw 3 ketajen', '081332610192', NULL, NULL, NULL, NULL, NULL, '2022-02-05 18:54:45', '2022-02-06 18:36:47'),
(46, 57, '0131598259', 'M. FAREL NURUL', 'ALBI', 'SIDOARJO', '2013-05-10', 'L', 'A', 'jl. wirabumi 60 rt 3 rw 8 KETAJEN', '2019', '2019-06-19', 'TK. AVIA DHARMA', 'JL. RAYA GEDANGAN', '2', 'kandung', 'assets/gambar/25a5Bi1fNwOCHo3R6WutnrfxqRkpyPHaYuWueFks.jpg', 'bersekolah', 'NURUL CHUSAINI', 'NURUL MAS\'ULAH', 'SWASTA', 'GURU TK', 'jl. wirabumi 60 rt 3 rw 8 KETAJEN', '+6282244259996', NULL, NULL, NULL, NULL, NULL, '2022-02-05 18:59:48', '2022-02-05 18:59:48'),
(47, 58, '0124439745', 'MUHAMMAD DAFFA', 'ABDILLAH', 'SIDOARJO', '2012-09-27', 'L', 'B', 'Ketajen rt 03 rw 01', '2019', '2019-06-19', 'RA TERPADU NURUL IMAN', 'JL.KH.HARUN ISHAQ NO.15 RT.01/02 KETAJEN', '1', 'kandung', 'assets/gambar/fV3waiDo2OQAg8llHlpHPLst6e7cuAaYTOwOyBVw.jpg', 'bersekolah', 'DJAROT AGUNG TRIYANTO', 'MUNFAATI', 'SWASTA', 'SWASTA', 'Ketajen rt 03 rw 01', '+6285791555530', NULL, NULL, NULL, NULL, NULL, '2022-02-05 19:09:45', '2022-02-05 19:09:45'),
(48, 59, '3128850727', 'MUHAMMAD FARIZ', 'PRASETYO', 'SIDOARJO', '2012-04-06', 'L', 'O', 'Jl. Teratai Rt 01 rw 01 KETAJEN', '2019', '2019-03-05', 'TK. SHALAHUDDIN', 'PURI SURYA JAYA GEDANGAN', '2', 'kandung', 'assets/gambar/nCTBcKcbripjv3OZC3diyiC4NWyHXJDMACoZbHuf.jpg', 'bersekolah', 'WASISTO', 'NUR MASRUROH', 'WIRASWASTA', 'WIRASWASTA', 'Jl. Teratai Rt 01 rw 01 KETAJEN', '6283856242444', NULL, NULL, NULL, NULL, NULL, '2022-02-05 19:19:03', '2022-02-05 19:19:03'),
(49, 60, '3123699673', 'MUHAMMAD PRANA', 'AJI', 'SIDOARJO', '2012-07-12', 'L', 'O', 'Jl. mawar 16 rt 4 rw 3 ketajen', '2019', '2019-03-05', 'TK. DHARMA WANITA', 'JL. RAYA KETAJEN', '3', 'kandung', 'assets/gambar/nFxlFxjTMvirb6SOpb1G4dOXpydIWlzuR9xgEP6p.jpg', 'bersekolah', 'MOHAMMAD MUSLKIN', 'LISMIHARTINI', 'SWASTA', 'SWASTA', 'Jl. mawar 16 rt 4 rw 3 ketajen', '6281332092880', NULL, NULL, NULL, NULL, NULL, '2022-02-05 19:23:21', '2022-02-05 19:23:21'),
(50, 61, '3133994539', 'NIDAL WAFA', 'AZZUHRI', 'SIDOARJO', '2013-03-21', 'L', 'B', 'Jl. Anggrek 22 Rt 4 Rw 2 KETAJEN', '2019', '2019-06-19', 'RA.TERPADU NURUL IMAN', 'JL.KH.HARUN ISHAQ NO.15 RT.01/02 KETAJEN', '2', 'kandung', 'assets/gambar/3cK7alACdLZpSztbmqvy3arCTdHTKsWpVg1IqHAQ.jpg', 'bersekolah', 'SYAIFUDIN ZUHRI', 'UMI SUMARNI', 'SWASTA', 'Rumah Tangga', 'Jl. Anggrek 22 Rt 4 Rw 2 KETAJEN', '+6285755863379', NULL, NULL, NULL, NULL, NULL, '2022-02-05 19:27:50', '2022-02-05 19:27:50'),
(51, 62, '0125692533', 'SABIA RIFAYA', 'SUSILO', 'SIDOARJO', '2012-12-01', 'P', 'A', 'Gedangan Rt 04 Rw 07 GEDANGAN', '2019', '2019-06-19', 'RA TERPADU NURUL IMAN', 'JL.KH.HARUN ISHAQ NO.15 RT.01/02 KETAJEN', '1', 'kandung', 'assets/gambar/SFSlmiLaA8YI6TdBairdXo7cy5gbKddcs6nJlEkt.jpg', 'bersekolah', 'JOKO SUSILO', 'RATNA WIJAYANTI', 'SWASTA', 'SWASTA', 'Gedangan Rt 04 Rw 07 GEDANGAN', '+6281515617434', NULL, NULL, NULL, NULL, NULL, '2022-02-05 19:33:07', '2022-02-05 19:33:07'),
(52, 63, '3137833605', 'SITI NUR FITRIA', 'M TIGA', 'SIDOARJO', '2013-04-12', 'P', 'B', 'DSN. KOMPLEK  KRANGGAN BARAT TANAH MERAH', '2019', '2019-06-19', 'TK. DHARMA WANITA', 'JL.RAYA KETAEN', '1', 'kandung', 'assets/gambar/ERvUwoYJI0VjgbISCFVz75NpNV8VNXU99XYqXzfZ.jpg', 'bersekolah', 'ABD GANI', 'TIMA', 'WIRASWASTA', 'Rumah Tangga', 'DSN. KOMPLEK  KRANGGAN BARAT TANAH MERAH', '+62881036812462/085852322269', NULL, NULL, NULL, NULL, NULL, '2022-02-05 19:48:40', '2022-02-05 19:48:40'),
(53, 64, '3129763987', 'INAYAH', 'AL AZIZAH', 'SIDOARJO', '2012-06-04', 'P', 'B', 'JL KUNDI WARU SIDOARJO', '2019', '2019-06-19', 'MADINATUL ILMI', 'JL.RAYA WEDI', '1', 'kandung', 'assets/gambar/81IoajgDIJpJThhOXFSyWcNGxOqaE1XolYP6VAgq.jpg', 'bersekolah', 'DANANG FATIHURRAHMAN', 'YUYUN EKA ANDRAINI', 'WIRASWASTA', 'WIRASWASTA', 'JL KUNDI WARU SIDOARJO', '+6285928922317', NULL, NULL, NULL, NULL, NULL, '2022-02-05 19:52:36', '2022-02-05 19:52:36'),
(54, 65, '3123936816', 'DINI KHOIRUL', 'BARIYAH', 'SIDOARJO', '2012-11-16', 'P', 'O', 'ngudi Rt.02 Rw.04', '2019', '2021-06-20', 'SDN GEMURUNG', 'GEMURUNG', '4', 'kandung', 'assets/gambar/8ZdNWz3K9241Q5uf3burigFisOYuwKReBc0w6Bt4.jpg', 'bersekolah', 'khoirul mustajab', 'SUSILO RATNA WIDARTI (ALM)', 'WIRASWASTA', '-', 'ngudi Rt.02 Rw.04', '6285100118424', NULL, NULL, NULL, NULL, NULL, '2022-02-05 19:56:38', '2022-02-06 18:32:58'),
(55, 66, '3149437451', 'NAKHLA SYIFA AKHYAR', 'SALSABILA', 'SIDOARJO', '2014-05-20', 'P', 'B', 'JL. KH. HARUN ISHAQ  RT 1/ 2 KETAJEN', '2020', '2021-03-02', 'MADINATUL ILMI', 'JL.KH.HARUN ISHAQ NO.15 RT.01/02 KETAJEN', '1', 'kandung', 'assets/gambar/HcgyaGM8NewZKChcufJQyXnCNt2KgWxcLufUokb1.jpg', 'bersekolah', 'BAMBANG SISWANTO', 'IDA WINARSIH', 'SWASTA', 'SWASTA', 'JL. KH. HARUN ISHAQ  RT 1/ 2 KETAJEN', '085885241802', NULL, NULL, NULL, NULL, NULL, '2022-02-06 19:11:48', '2022-02-06 19:11:48'),
(56, 54, '3131716019', 'AKHMAD AZZAM', 'TAMWIFI', 'SIDOARJO', '2013-07-15', 'L', 'A', 'JL. SUROWONGSO I/15 RT.01 RW.01', '2020', '2021-06-15', 'MI HASANUDDIN', 'jl. Raya tebel gedangan', '2', 'kandung', 'assets/gambar/JZc82cem0qyMLtGIfCV3k5B1m6qtKfi3H0MRgoCw.jpg', 'bersekolah', 'LUTFI ASHARI', 'ANA AINA ULMARDIYAH (ALM)', 'PNS', '-', 'JL. SUROWONGSO I/15 RT.01 RW.01 KARANGBONG', '6281332639104', NULL, NULL, NULL, NULL, NULL, '2022-02-06 23:02:04', '2022-02-06 23:02:04'),
(57, 67, '0135002173', 'TRI RAHMA NUR', 'FADILLAH', 'SIDOARJO', '2013-07-25', 'P', 'O', 'JL. WIRABUMI RT/02 RW/08 GEDANGAN', '2020', '2020-07-20', 'TK DHARMA WANITA', 'JL. RAYA KETAJEN', '3', 'kandung', 'assets/gambar/OxJgzwujvIDE992Nm6j2utJLcOAJuQylA96ViIfU.jpg', 'bersekolah', 'NANANG ARDIYANTO', 'ERLIYANTI', 'SWASTA', 'Rumah Tangga', 'JL. WIRABUMI RT/02 RW/08 GEDANGAN', '+6285755863725', NULL, NULL, NULL, NULL, NULL, '2022-02-06 23:06:11', '2022-02-06 23:06:11'),
(58, 68, '3133135665', 'MUHAMMAD HAIKAL', 'ARDIANSYAH', 'SURABAYA', '2013-01-12', 'L', 'O', 'JL. TUMAPEL RT 4/ 5 KETAJEN', '2020', '2020-04-13', 'PAUD MADINATUL IL MI', 'JL. PASIR RAYA WEDI', '1', 'kandung', 'assets/gambar/WAHThZfBF4zqSj6PejKBaUhb9jFiYr5w6VfkoWrH.jpg', 'bersekolah', 'DIAN ISYAH WAHYU TRIYANTO', 'SITI CHOLIFAH', 'TNI-AL', 'SWASTA', 'JL. TUMAPEL RT 4/ 5 KETAJEN', '085231502884', NULL, NULL, NULL, NULL, NULL, '2022-02-06 23:10:19', '2022-02-06 23:10:19'),
(59, 69, '0139568265', 'MUHAMMAD ABYAN AZKA', 'ZAKARIYYA', 'SIDOARJO', '2013-09-11', 'L', 'O', 'JL. KH. HARUN ISHAQ RT 1/ 3', '2020', '2020-06-18', 'PAUD MADINATUL IL MI', 'JL. PASIR RAYA WEDI', '2', 'kandung', 'assets/gambar/l1aP8fBuiMI9EMf3WUPKHtm7nf4mHILbTO9d5s5z.jpg', 'bersekolah', 'SUGENG HARIANTO', 'ZURAIDA APRILIA NUR AINI', 'PERAWAT', 'SWASTA', 'JL. KH. HARUN ISHAQ RT 1/ 3', '+6282244432541', NULL, NULL, NULL, NULL, NULL, '2022-02-06 23:14:01', '2022-02-06 23:14:01');

-- --------------------------------------------------------

--
-- Table structure for table `taghan_administrasi_siswa`
--

CREATE TABLE `taghan_administrasi_siswa` (
  `id` bigint(20) UNSIGNED NOT NULL,
  `pembayaran_administrasi_id` bigint(20) UNSIGNED NOT NULL,
  `siswa_id` bigint(20) UNSIGNED NOT NULL,
  `status` varchar(255) COLLATE utf8mb4_unicode_ci NOT NULL,
  `deleted_at` timestamp NULL DEFAULT NULL,
  `created_at` timestamp NULL DEFAULT NULL,
  `updated_at` timestamp NULL DEFAULT NULL
) ENGINE=InnoDB DEFAULT CHARSET=utf8mb4 COLLATE=utf8mb4_unicode_ci;

--
-- Dumping data for table `taghan_administrasi_siswa`
--

INSERT INTO `taghan_administrasi_siswa` (`id`, `pembayaran_administrasi_id`, `siswa_id`, `status`, `deleted_at`, `created_at`, `updated_at`) VALUES
(2, 3, 3, 'sudah lunas', NULL, '2022-02-05 09:26:20', '2022-02-05 09:26:47'),
(3, 4, 3, 'sudah lunas', NULL, '2022-02-05 09:27:43', '2022-02-05 09:27:58'),
(4, 5, 3, 'sudah lunas', NULL, '2022-02-05 09:28:09', '2022-02-05 09:28:38'),
(5, 6, 3, 'sudah lunas', NULL, '2022-02-05 09:28:23', '2022-02-05 09:28:46'),
(6, 7, 3, 'sudah lunas', NULL, '2022-02-05 09:29:01', '2022-02-05 09:29:44'),
(7, 8, 3, 'sudah lunas', NULL, '2022-02-05 09:29:13', '2022-02-07 09:30:56'),
(8, 3, 4, 'sudah lunas', NULL, '2022-02-05 09:29:58', '2022-02-05 09:33:22'),
(9, 3, 5, 'belum lunas', '2022-02-05 09:33:35', '2022-02-05 09:30:11', '2022-02-05 09:33:35'),
(10, 3, 5, 'sudah lunas', NULL, '2022-02-05 09:30:26', '2022-02-05 09:35:46'),
(11, 3, 6, 'sudah lunas', NULL, '2022-02-05 09:30:40', '2022-02-05 09:36:00'),
(12, 3, 6, 'belum lunas', '2022-02-05 09:33:55', '2022-02-05 09:30:51', '2022-02-05 09:33:55'),
(13, 3, 6, 'belum lunas', '2022-02-05 09:33:45', '2022-02-05 09:31:02', '2022-02-05 09:33:45'),
(14, 3, 7, 'sudah lunas', NULL, '2022-02-05 09:31:26', '2022-02-05 09:36:13'),
(15, 3, 8, 'sudah lunas', NULL, '2022-02-05 09:31:49', '2022-02-05 09:36:23'),
(16, 3, 9, 'sudah lunas', NULL, '2022-02-05 09:32:03', '2022-02-05 09:36:34'),
(17, 3, 10, 'belum lunas', NULL, '2022-02-05 09:32:16', '2022-02-05 09:32:16'),
(18, 3, 10, 'belum lunas', NULL, '2022-02-05 09:32:26', '2022-02-05 09:32:26'),
(19, 3, 11, 'belum lunas', NULL, '2022-02-05 09:32:39', '2022-02-05 09:32:39'),
(20, 3, 11, 'belum lunas', NULL, '2022-02-05 09:32:48', '2022-02-05 09:32:48'),
(21, 3, 12, 'sudah lunas', NULL, '2022-02-05 09:32:57', '2022-02-05 09:35:34');

-- --------------------------------------------------------

--
-- Table structure for table `tahun`
--

CREATE TABLE `tahun` (
  `id` bigint(20) UNSIGNED NOT NULL,
  `tahun` varchar(255) COLLATE utf8mb4_unicode_ci NOT NULL,
  `deleted_at` timestamp NULL DEFAULT NULL,
  `created_at` timestamp NULL DEFAULT NULL,
  `updated_at` timestamp NULL DEFAULT NULL
) ENGINE=InnoDB DEFAULT CHARSET=utf8mb4 COLLATE=utf8mb4_unicode_ci;

--
-- Dumping data for table `tahun`
--

INSERT INTO `tahun` (`id`, `tahun`, `deleted_at`, `created_at`, `updated_at`) VALUES
(1, '2021', NULL, '2022-02-01 14:04:43', '2022-02-01 14:04:43'),
(2, '2022', '2022-02-05 09:38:22', '2022-02-01 14:04:57', '2022-02-05 09:38:22'),
(3, '2023', '2022-02-05 09:38:30', '2022-02-01 14:05:07', '2022-02-05 09:38:30'),
(4, '2022', NULL, '2022-02-06 15:41:49', '2022-02-06 15:41:49');

-- --------------------------------------------------------

--
-- Table structure for table `users`
--

CREATE TABLE `users` (
  `id` bigint(20) UNSIGNED NOT NULL,
  `name` varchar(255) COLLATE utf8mb4_unicode_ci NOT NULL,
  `email` varchar(255) COLLATE utf8mb4_unicode_ci NOT NULL,
  `email_verified_at` timestamp NULL DEFAULT NULL,
  `password` varchar(255) COLLATE utf8mb4_unicode_ci NOT NULL,
  `role` varchar(255) COLLATE utf8mb4_unicode_ci NOT NULL,
  `status_akun` varchar(255) COLLATE utf8mb4_unicode_ci DEFAULT NULL,
  `remember_token` varchar(100) COLLATE utf8mb4_unicode_ci DEFAULT NULL,
  `created_at` timestamp NULL DEFAULT NULL,
  `updated_at` timestamp NULL DEFAULT NULL
) ENGINE=InnoDB DEFAULT CHARSET=utf8mb4 COLLATE=utf8mb4_unicode_ci;

--
-- Dumping data for table `users`
--

INSERT INTO `users` (`id`, `name`, `email`, `email_verified_at`, `password`, `role`, `status_akun`, `remember_token`, `created_at`, `updated_at`) VALUES
(11, 'nafisha', 'nafisha@gmail.com', NULL, '$2y$10$djCHltZL/0rLd7bsb5OGA.kV2bDYYegryaCbSgn7z5lyOwhrV0Ko2', 'siswa', 'sudah dipakai', NULL, '2022-02-04 19:53:15', '2022-02-05 09:56:30'),
(12, 'pandu', 'pandu@gmail.com', NULL, '$2y$10$x1.YzQqdqmYEYzmF5XOsn.PMLe23yVlhwtNjvcNOKTkEZuaOnLLJW', 'siswa', 'sudah dipakai', NULL, '2022-02-04 19:54:23', '2022-02-05 06:06:13'),
(15, 'abidah', 'abidah@gmail.com', NULL, '$2y$10$3EjCUTlcWyZHSf1UMFBrieimc7ybg434bmY01Yz8R6zC2ZAyvrzWu', 'siswa', 'sudah dipakai', NULL, '2022-02-04 19:56:52', '2022-02-05 06:11:45'),
(16, 'silmi', 'silmi@gmail.com', NULL, '$2y$10$2uxF5Z41DSzKs6vCyrhQlOQO7PpONrJ9pWpzO4tCYixi204AZ0FXi', 'siswa', 'sudah dipakai', NULL, '2022-02-04 19:57:35', '2022-02-05 06:32:29'),
(17, 'zafran', 'zafran@gmail.com', NULL, '$2y$10$y.Fo.0Y3H3274/eHL3oSxOSmpQDGJ1Y/tKml6nkt5sBjlTVF3lJi.', 'siswa', 'sudah dipakai', NULL, '2022-02-04 19:58:12', '2022-02-05 07:05:09'),
(18, 'fadhil', 'fadhil@gmail.com', NULL, '$2y$10$uD5a..XhS6QmXc.yyCyInu0mukJMJXp7KZVZKhMlqyjAbCZQxQr5m', 'siswa', 'sudah dipakai', NULL, '2022-02-04 19:59:04', '2022-02-05 07:45:03'),
(19, 'hafiz', 'hafiz@gmail.com', NULL, '$2y$10$seMtS59bNvK7/SaBO097suAjthjYbPvstI7OdSlu72PTjHBt2NeTy', 'siswa', 'sudah dipakai', NULL, '2022-02-04 19:59:45', '2022-02-05 07:48:04'),
(20, 'reviza', 'reviza@gmail.com', NULL, '$2y$10$2aRosT0vIbDkUWXR2XMk1OeI/RRHqdtZ05BW0FGLknYXPtCagFV9W', 'siswa', 'sudah dipakai', NULL, '2022-02-04 20:00:23', '2022-02-05 07:51:05'),
(21, 'althaf', 'althaf@gmail.com', NULL, '$2y$10$IvWITGBBy9/pWSzoH0yWBer6WQMQHwM2cr9.vdNAwh3JeN7tDyzBi', 'siswa', 'sudah dipakai', NULL, '2022-02-04 20:01:11', '2022-02-05 08:01:31'),
(22, 'nazril', 'nazril@gmail.com', NULL, '$2y$10$nmWuSxIKzBsL.koJMxey3.DAkx1ztMKta7VCjk/P6EaiumwJprNYO', 'siswa', 'sudah dipakai', NULL, '2022-02-04 20:01:53', '2022-02-05 08:04:30'),
(23, 'naila', 'naila@gmail.com', NULL, '$2y$10$3ZNdQCkzFnvej/UCvitwQOWfL2y6Ur2qK/0ejq9TzO4GlQ06efKwW', 'siswa', 'sudah dipakai', NULL, '2022-02-04 20:02:35', '2022-02-05 08:07:37'),
(24, 'ozi', 'ozi@gmail.com', NULL, '$2y$10$gtUf5n9viBsxnSZEKipTgepOaOZQ2rENfL7Tla/4JIyz4EcSyuqem', 'siswa', 'sudah dipakai', NULL, '2022-02-04 20:04:11', '2022-02-05 08:11:17'),
(25, 'mikayla', 'mikayla@gmail.com', NULL, '$2y$10$DT.NbXsBjsfrfUI3GBWXCedK66oHUBjoiACp0Ic3VE/zbsGg.TRJW', 'siswa', 'sudah dipakai', NULL, '2022-02-04 20:07:33', '2022-02-05 08:19:27'),
(26, 'furqon', 'furqon@gmail.com', NULL, '$2y$10$zg.hflwVFASC9Sco5TPWme2sTxIyKccVsLkrd.p28RTWQA8I6qZee', 'siswa', 'sudah dipakai', NULL, '2022-02-04 20:11:19', '2022-02-05 08:23:03'),
(27, 'haibah', 'haibah@gmail.com', NULL, '$2y$10$XgRC5vNU8Rv2Wq40g3yVqudGNEN17VWL.bXywBa2aH6aXmH0ZHIYa', 'siswa', 'sudah dipakai', NULL, '2022-02-04 20:11:58', '2022-02-05 08:26:42'),
(28, 'fachri', 'fachri@gmail.com', NULL, '$2y$10$lk9KfeO20k3tx0WsCdUajeDC3Nej5atTKWiIoCiXB1pWhjkBh8yxS', 'siswa', 'sudah dipakai', NULL, '2022-02-04 20:12:39', '2022-02-05 08:30:12'),
(29, 'akbar', 'akbar@gmail.com', NULL, '$2y$10$fs5PHUw6Hn1jlNUxmJTck.FQm6IdBcHt9dD19Mrv7tqEKHCN6dcVW', 'siswa', 'sudah dipakai', NULL, '2022-02-04 20:13:16', '2022-02-05 15:58:24'),
(30, 'fatimah', 'fatimah@gmail.com', NULL, '$2y$10$40DNuG0NA1AGxNFCf3CNLuvd7b1ry32HfpI27cujKxdHDLgkzrWam', 'siswa', 'sudah dipakai', NULL, '2022-02-04 20:14:01', '2022-02-05 16:04:23'),
(31, 'aulia', 'aulia@gmail.com', NULL, '$2y$10$Sn7UN3ofnw4Z5F9ledDm3u2CZaZ8mCQY959zdJt67zP43GKfP7Mp6', 'siswa', 'sudah dipakai', NULL, '2022-02-04 20:14:33', '2022-02-05 16:12:42'),
(32, 'nafisa', 'nafisa@gmail.com', NULL, '$2y$10$NQlMNcu9O7JNiN7/iGPnve05pfR8G9grBRhudMqtNH7FqW8846B5a', 'siswa', 'sudah dipakai', NULL, '2022-02-04 20:15:18', '2022-02-05 16:16:20'),
(33, 'kikan', 'kikan@gmail.com', NULL, '$2y$10$Rlc/oC7rFU6leLE6asMgre1nPf/gDmpfJ3k6Knl2e7FuKvIw5Iv6G', 'siswa', 'sudah dipakai', NULL, '2022-02-04 20:15:49', '2022-02-05 16:36:52'),
(34, 'salsa', 'salsa@gmail.com', NULL, '$2y$10$nHkmkwxQeBISTvYjuEmIx.P4/lGMZ2lFXdAFcIDM.Dx6JspnVH3AO', 'siswa', 'sudah dipakai', NULL, '2022-02-04 20:16:18', '2022-02-05 16:41:03'),
(35, 'alexi', 'alexi@gmail.com', NULL, '$2y$10$PzT59vIp4wVbEfKY75R2XOmLzGbLwKocOCpfwkH4.cvlNutGS78SW', 'siswa', 'sudah dipakai', NULL, '2022-02-04 20:16:51', '2022-02-05 16:44:31'),
(36, 'adiva', 'adiva@gmail.com', NULL, '$2y$10$G.o2RMUc4lHRmvYy8qcyy.5GfxGzTZwdjvK29hOucpInV.2phghWW', 'siswa', 'sudah dipakai', NULL, '2022-02-04 20:17:29', '2022-02-05 16:48:33'),
(37, 'bilqis', 'bilqis@gmail.com', NULL, '$2y$10$F1ygdWn/3uE.OhqgZITJneqhDJN/80C0sO4uLqbO3pN8e9JOm3zJG', 'siswa', 'sudah dipakai', NULL, '2022-02-04 20:18:01', '2022-02-05 17:16:50'),
(38, 'alya', 'alya@gmail.com', NULL, '$2y$10$hPstdUjoJd2EsR6yX8euae.7aHYgGcWoIEiW9S/kVVip0ZPdy3El6', 'siswa', 'sudah dipakai', NULL, '2022-02-04 20:18:32', '2022-02-05 17:20:21'),
(39, 'nahwa', 'nahwa@gmail.com', NULL, '$2y$10$/uj3u6JHp4kopPrfIZhlZ.w/QYvp1eDwwkF0aGfC3cZSnw242Ytui', 'siswa', 'sudah dipakai', NULL, '2022-02-04 20:19:05', '2022-02-05 17:24:07'),
(40, 'rafif', 'rafif@gmail.com', NULL, '$2y$10$ApycG4wM7Ay2ELGxnDbHIe3t4M/tyW4rlscdnssNhqmJA2BicUM0m', 'siswa', 'sudah dipakai', NULL, '2022-02-04 20:19:47', '2022-02-05 17:28:03'),
(41, 'bintang', 'bintang@gmail.com', NULL, '$2y$10$bASIZJ0uW8tP8OTf7NlpVeTQWFEWtB/0LqqffcEC.Pkoe1GqCF.nG', 'siswa', 'sudah dipakai', NULL, '2022-02-04 20:20:22', '2022-02-05 17:32:53'),
(42, 'zaki', 'zaki@gmail.com', NULL, '$2y$10$zMWGiQhyHfnvP5ciT4PslO9gjD8kDCcFa7CkX8l6yFnAhR37WgZ/G', 'siswa', 'sudah dipakai', NULL, '2022-02-04 20:20:57', '2022-02-05 17:36:48'),
(43, 'azalea', 'azalea@gmail.com', NULL, '$2y$10$OYpDev59CzLq8NEDDu0XPeknhkcPTowdznlR.Rmgk/TZMgv52LZXO', 'siswa', 'sudah dipakai', NULL, '2022-02-04 20:21:31', '2022-02-05 17:40:52'),
(44, 'ghazi', 'ghazi@gmail.com', NULL, '$2y$10$X021eJqDSJwqdgq7p2TGTep8y5kEiqZwqXRPujhQS7VGR4E/eCNM2', 'siswa', 'sudah dipakai', NULL, '2022-02-04 20:21:57', '2022-02-05 17:45:37'),
(45, 'daim', 'daim@gmail.com', NULL, '$2y$10$v7qO8c4MZHx4vVxMtBxyvO3lG8Cl4y9xjTLVExteijotPxZi1LlS6', 'siswa', 'sudah dipakai', NULL, '2022-02-04 20:22:41', '2022-02-05 17:49:32'),
(46, 'syafira', 'syafira@gmail.com', NULL, '$2y$10$zmbrh0kYoSyHl3B26OoHa.cb0L6wxkH1YCc96LYIBmoUrASQcwWNe', 'siswa', 'sudah dipakai', NULL, '2022-02-04 20:23:13', '2022-02-05 17:53:45'),
(47, 'yusuf', 'yusuf@gmail.com', NULL, '$2y$10$eNwR8F5yW4krbpPyL9UIVuyFbHRJSOJxtLChjqeGHdpVXKrtqtxIK', 'siswa', 'sudah dipakai', NULL, '2022-02-04 20:23:46', '2022-02-05 17:56:36'),
(48, 'handy', 'handy@gmail.com', NULL, '$2y$10$etUBl6vxvrvWJOnfBUCFU.ygxOq/OqiQ/TnZlIP4.wjen72K1DHt.', 'siswa', 'sudah dipakai', NULL, '2022-02-04 20:24:15', '2022-02-05 18:01:27'),
(49, 'fatan', 'fatan@gmail.com', NULL, '$2y$10$0lRGN7lC5E8sBc5Sa8LjJ.muzM4eym0vdXwSw7KfKr0DkWrcVAO6e', 'siswa', 'sudah dipakai', NULL, '2022-02-04 20:24:45', '2022-02-05 18:07:00'),
(50, 'varrel', 'varrel@gmail.com', NULL, '$2y$10$EHNUnkDE5ElpEu0KGGJVPevnCd.3IyQX82UIlt30JKxecJ2gjDvYW', 'siswa', 'sudah dipakai', NULL, '2022-02-04 20:25:27', '2022-02-05 18:13:00'),
(51, 'verrel', 'verrel@gmail.com', NULL, '$2y$10$OEdoyheZo/Lt1/24YQ/jr.hUCxvTR5HwFyNEx.DvSBnqKN3fgrx42', 'siswa', 'sudah dipakai', NULL, '2022-02-04 20:25:54', '2022-02-05 18:18:22'),
(52, 'rizky', 'rizky@gmail.com', NULL, '$2y$10$aJxvbVihRjdq7C7Vlw1c4eHxlZtmdCDCFNzFntxqO.9Ar5/cfsQEy', 'siswa', 'sudah dipakai', NULL, '2022-02-04 20:26:46', '2022-02-05 18:37:02'),
(53, 'aini', 'aini@gmail.com', NULL, '$2y$10$ucbQP/4j7eiOlGZFacLD5uFS4RSMiBEY73.YS.ARZHcuEFyHEdv/u', 'siswa', 'sudah dipakai', NULL, '2022-02-04 20:27:12', '2022-02-05 18:43:30'),
(54, 'azzam', 'azzam@gmail.com', NULL, '$2y$10$CIjgks9/6Rz1WfQaEH0Pru2/uSbfNQU0t5Yc8hsLY9S8FpJcOutGu', 'siswa', 'Sudah digunakan', NULL, '2022-02-04 20:27:57', '2022-02-06 23:02:05'),
(55, 'dhimas', 'dhimas@gmail.com', NULL, '$2y$10$xbujCeC0TC/08ZGFPElD/.GK3Q/a8ekfRrdtOzbZVYK8JG74WdIGa', 'siswa', 'sudah dipakai', NULL, '2022-02-04 20:28:33', '2022-02-05 18:49:37'),
(56, 'lutfi', 'lutfi@gmail.com', NULL, '$2y$10$V9D/5N5DUyXhykVxOffMNeNMMO.By7.l2cpAU7XDU6G366XIEkJBe', 'siswa', 'sudah dipakai', NULL, '2022-02-04 20:29:05', '2022-02-05 18:54:46'),
(57, 'farel', 'farel@gmail.com', NULL, '$2y$10$whpKYvoXDyaPHu52nAWhheeEsAYj7iBg1UPAVihv.Inz/InonuLS2', 'siswa', 'sudah dipakai', NULL, '2022-02-04 20:29:32', '2022-02-05 18:59:48'),
(58, 'daffa', 'daffa@gmail.com', NULL, '$2y$10$wHL/WFfvucbCxVEOmSKxPOcAI4l4viwkJll6xFIjg74EgHNnTHB/a', 'siswa', 'sudah dipakai', NULL, '2022-02-04 20:30:00', '2022-02-05 19:09:45'),
(59, 'fariz', 'fariz@gmail.com', NULL, '$2y$10$FltAsxjb6P82VqEiSAwMz.pBymG2/ij5esx018AVpIia0WufeBKqe', 'siswa', 'sudah dipakai', NULL, '2022-02-04 20:30:37', '2022-02-05 19:19:03'),
(60, 'prana', 'prana@gmail.com', NULL, '$2y$10$kZbj4FFHwsOr/8PyVTR9X.wiC/Ao22/pgoKD0LE/7vbWhZSkV3.iK', 'siswa', 'sudah dipakai', NULL, '2022-02-04 20:31:01', '2022-02-05 19:23:21'),
(61, 'wafa', 'wafa@gmail.com', NULL, '$2y$10$/asvRoLb8soDqzicjT1XV.GZvfpOTdz5RfCgn1EJUEkOQIp8fSCeS', 'siswa', 'sudah dipakai', NULL, '2022-02-04 20:31:28', '2022-02-05 19:27:51'),
(62, 'sabia', 'sabia@gmail.com', NULL, '$2y$10$wct7cj1O283xA7m34aNLn.VW2T3APjUOhDWU5OvfW4eoZBgZn0bka', 'siswa', 'sudah dipakai', NULL, '2022-02-04 20:31:57', '2022-02-05 19:33:07'),
(63, 'siti', 'siti@gmail.com', NULL, '$2y$10$p/82aUOcIgbRCmK1kxkV/upe2XWnUQcWXt7SwsCtepXjeDkes4J8a', 'siswa', 'sudah dipakai', NULL, '2022-02-04 20:32:27', '2022-02-05 19:48:41'),
(64, 'inayah', 'inayah@gmail.com', NULL, '$2y$10$PFdUB86lu9Be7xlFWyDofurUos9X8W7ue0QsZ71sxGbD1gWmAJ./u', 'siswa', 'sudah dipakai', NULL, '2022-02-04 20:32:51', '2022-02-05 19:52:36'),
(65, 'dini', 'dini@gmail.com', NULL, '$2y$10$lNvEbO9vZBZ5CIcHWLgCNOkVajnh8gC0JSykak2wwa4amYr9b8Ohm', 'siswa', 'sudah dipakai', NULL, '2022-02-04 20:33:17', '2022-02-05 19:56:38'),
(66, 'nakhla', 'nakhla@gmail.com', NULL, '$2y$10$ewvll.jaUtN7lHLjteY4CONfG6Sur0fcitp62AhqA4MHZqxriYWRS', 'siswa', 'Sudah digunakan', NULL, '2022-02-04 20:33:47', '2022-02-06 19:11:48'),
(67, 'rahma', 'rahma@gmail.com', NULL, '$2y$10$s7GUDqACwf5MZiiKMhdRL.GjWN8liP3VuRaqrvkslteJsEt0DtcHC', 'siswa', 'Sudah digunakan', NULL, '2022-02-04 20:34:26', '2022-02-06 23:06:11'),
(68, 'haikal', 'haikal@gmail.com', NULL, '$2y$10$ZnJ6WnGV10VTezReHrMkHuRq3y/ZCsQY88dJdXRy/gjT8CVSCnJMq', 'siswa', 'Sudah digunakan', NULL, '2022-02-04 20:34:55', '2022-02-06 23:10:19'),
(69, 'azka', 'azka@gmail.com', NULL, '$2y$10$UXvbHJ0swsxRGIZ5C/cIXeXmIHGzNAKiIJcI23ofSP3wGj8/n7B2e', 'siswa', 'Sudah digunakan', NULL, '2022-02-04 20:35:18', '2022-02-06 23:14:01'),
(70, 'ezafath', 'ezafath@gmail.com', NULL, '$2y$10$taqmI2vlBIdGCP46jcLHHOLJX2/IzKhCJmyNCp2DEBh3eeA0gYXdS', 'siswa', NULL, NULL, '2022-02-04 20:35:55', '2022-02-04 20:35:55'),
(71, 'amira', 'amira@gmail.com', NULL, '$2y$10$t4Fk376YtBPLwA2Kv43y6.4NcqHbF2QmDq05r2q6F/jjA6maa93NO', 'siswa', NULL, NULL, '2022-02-04 20:36:20', '2022-02-04 20:36:20'),
(72, 'thalita', 'thalita@gmail.com', NULL, '$2y$10$I.dkY6MEYqQ4hfoUYUwprOK8nu4ub4LlvUYWqok/JSfeFdeACiV/G', 'siswa', NULL, NULL, '2022-02-04 20:36:51', '2022-02-04 20:36:51'),
(73, 'syifa', 'syifa@gmail.com', NULL, '$2y$10$XwjqGDivmzmRKxS6WfQ72e/WRe0LMDWMRpT6YwXia5AqadoSfHQs.', 'siswa', NULL, NULL, '2022-02-04 20:37:25', '2022-02-04 20:37:25'),
(74, 'hanna', 'hanna@gmail.com', NULL, '$2y$10$gZi9EUkd2/0JHEll8KJNZesaWMj.M2LcsO2dCiJepCb2P1WWDByDG', 'siswa', NULL, NULL, '2022-02-04 20:37:51', '2022-02-04 20:37:51'),
(75, 'zakiyul', 'zakiyul@gmail.com', NULL, '$2y$10$3ef2xF0KyLSRT49Qqg6izesU4jEasIIMbh8mSnm37BhvAF5v6ECCG', 'siswa', NULL, NULL, '2022-02-04 20:38:22', '2022-02-04 20:38:22'),
(76, 'kenzie', 'kenzie@gmail.com', NULL, '$2y$10$VhHTlksCdhyqUDXTEbABq.R0rsLaPabUVMwD/O.j5wHrz0sNZinAy', 'siswa', NULL, NULL, '2022-02-04 20:38:58', '2022-02-04 20:38:58'),
(77, 'kenzo', 'kenzo@gmail.com', NULL, '$2y$10$QbZQPrUAv9TAkoSgzH/hVOrwP3PiAPMDzhIVuMQuKShamL3rrgJ86', 'siswa', NULL, NULL, '2022-02-04 20:39:28', '2022-02-04 20:39:28'),
(78, 'khansa', 'khansa@gmail.com', NULL, '$2y$10$znYfTJJFMuagUj7XSIe3VOHyH8n8ziZ8bXd8gmUDU8WYzMKV1zj/.', 'siswa', NULL, NULL, '2022-02-04 20:39:59', '2022-02-04 20:39:59'),
(79, 'khasanah', 'khasanah@gmail.com', NULL, '$2y$10$xN1iDbvqNZKLqJLd3Cby6ebAlTkw4fuGacYE6.qvKxvXiC1voB53C', 'siswa', NULL, NULL, '2022-02-04 20:40:27', '2022-02-04 20:40:27'),
(80, 'salman', 'salman@gmail.com', NULL, '$2y$10$kA98tE2AN1Q4Xt705claieV6NPjfjRnpa49i3z9D1fy1ajBBn4Y..', 'siswa', NULL, NULL, '2022-02-04 20:40:52', '2022-02-04 20:40:52'),
(81, 'azhura', 'azhura@gmail.com', NULL, '$2y$10$ssHEdQVcvPGtKiSSB7IKge7CVp9VZngOTe0QS8pVfvlaOYyS3yQRq', 'siswa', NULL, NULL, '2022-02-04 20:41:21', '2022-02-04 20:41:21'),
(82, 'shofi', 'shofi@gmail.com', NULL, '$2y$10$Zr7SPeOPJ3pLdKbGIsc.qeUijdWB0BHEIPy4AlICBLUZS9a.1PF3m', 'siswa', NULL, NULL, '2022-02-04 20:41:58', '2022-02-04 20:41:58'),
(83, 'nazwa', 'nazwa@gmail.com', NULL, '$2y$10$BYXLh6rU0KvGIAIHCimar.8b92RmneuB3sXtt6ZJLPE9Xrw0PfmN6', 'siswa', NULL, NULL, '2022-02-04 20:42:34', '2022-02-04 20:42:34'),
(84, 'hamdan', 'hamdan@gmail.com', NULL, '$2y$10$7kJ7ATGZH5gAvjOLT3kg9uJON/zSQbFeizp/tkHLD6sy773AzhRHu', 'siswa', NULL, NULL, '2022-02-04 20:43:06', '2022-02-04 20:43:06'),
(85, 'hisyam', 'hisyam@gmail.com', NULL, '$2y$10$HMdom1PHUIbbH8mMJqki1uc.oSpCCuFH5FLP0Ss33i5JCIeHupWZa', 'siswa', NULL, NULL, '2022-02-04 20:43:59', '2022-02-04 20:43:59'),
(86, 'raffi', 'raffi@gmail.com', NULL, '$2y$10$t45hjNEYIouECYupStsc7ufIr6wRSBa3L6Dl8CKH4BiO2r5S6yMSq', 'siswa', NULL, NULL, '2022-02-04 20:44:33', '2022-02-04 20:44:33'),
(87, 'dzakiy', 'dzakiy@gmail.com', NULL, '$2y$10$lb9Lx6yxjCnfPDo4hRGh.uUoS.n9q4w46ATWFBc/HOOUHID13DKYS', 'siswa', NULL, NULL, '2022-02-04 20:45:01', '2022-02-04 20:45:01'),
(88, 'alula', 'alula@gmail.com', NULL, '$2y$10$AwjJFhG2oV7DXJNzo99xQeUZkubryaRUARfKcJ6E5studfqV1CPEC', 'siswa', NULL, NULL, '2022-02-04 20:45:25', '2022-02-04 20:45:25'),
(89, 'dzakira', 'dzakira@gmail.com', NULL, '$2y$10$tDWQb3mtLSU5cra1ZElluek3syTpqC7BF32ZaY4uOvGR7cpKM7uEq', 'siswa', NULL, NULL, '2022-02-04 20:45:58', '2022-02-04 20:45:58'),
(90, 'farhan', 'farhan@gmail.com', NULL, '$2y$10$iu/x5L/4P/bfcRuLiU3BMuMUMYoXI3BAqLfKR8hIcGmWqUP0Ygf8C', 'siswa', NULL, NULL, '2022-02-04 20:46:24', '2022-02-04 20:46:24'),
(91, 'rosyid', 'rosyid@gmail.com', NULL, '$2y$10$cicffcS41tKzIJjy.j9o2OGlQXSnRcKTWznuLrgp//J9fCXNLyFAq', 'guru', 'sudah digunakan', NULL, '2022-02-04 20:46:55', '2022-02-05 09:53:36'),
(92, 'zaka', 'zaka@gmail.com', NULL, '$2y$10$IMdhO0cagb817wohDKaZ9etVP1agvtDUF.v3Bwx5h3uUksc8C4fS.', 'guru', 'sudah digunakan', NULL, '2022-02-04 20:47:42', '2022-02-05 08:52:45'),
(93, 'ratna', 'ratna@gmail.com', NULL, '$2y$10$fF4Rmxm9/OW3YluOj4.mlu6TuNcOB18Yvq1hfXqlEAKyVaS4MbaVa', 'guru', 'sudah digunakan', NULL, '2022-02-04 20:48:12', '2022-02-05 08:58:23'),
(94, 'ardila', 'ardila@gmail.com', NULL, '$2y$10$.NG0DXm4RoWgN5VL.yf87uJZGqu8G14FaTVffTu9jrpSQ9C8EYTwm', 'guru', 'sudah digunakan', NULL, '2022-02-04 20:48:40', '2022-02-05 08:55:50'),
(95, 'zafira', 'zafira@gmail.com', NULL, '$2y$10$NeVy5UC788VeSCC0M/PIzOS0M/sswz3c5ll4AEMMs0ZRxyqahQNkG', 'guru', 'sudah digunakan', NULL, '2022-02-04 20:49:11', '2022-02-05 09:06:40'),
(96, 'risky', 'risky@gmail.com', NULL, '$2y$10$9ChVtnX/1Hp9l6dqk9IiC.KIzRJ1jL4JyfUPNMM0Yd8CGABxvzqmK', 'guru', 'sudah digunakan', NULL, '2022-02-04 20:49:48', '2022-02-05 09:11:57'),
(97, 'maryam', 'maryam@gmail.com', NULL, '$2y$10$clPaFlmcBwvyXs80TWA9N.H1fkhrpocbz/heNBgiuFb5gaZDNNWtC', 'guru', 'sudah digunakan', NULL, '2022-02-04 20:50:17', '2022-02-05 08:50:22'),
(98, 'neny', 'neny@gmail.com', NULL, '$2y$10$t/5ETvEu8FMpgVAqlu/Ms.oCor1sPIelP/mbL9Sq4VFJppviLjHU2', 'guru', 'sudah digunakan', NULL, '2022-02-04 20:50:56', '2022-02-05 09:20:36'),
(99, 'mesut', 'mesut@gmail.com', NULL, '$2y$10$mlnPTR0s8jwpUYMfzwjo1eaEj82YxNDeI.JQeqhmRiPC/K0mi5Sbq', 'guru', 'sudah digunakan', NULL, '2022-02-04 20:51:28', '2022-02-05 09:16:00'),
(100, 'AMSAL MASITHA', 'amsal@gmail.com', NULL, '$2y$10$zPY28CRfnt0TFFa9TyFCHeYymsjnNNSwFpFhMTsemqLVEiMmgjuaO', 'guru', 'sudah digunakan', NULL, '2022-02-05 09:00:32', '2022-02-05 09:03:42'),
(101, 'mutimmatul hidayah', 'hidayah@gmail.com', NULL, '$2y$10$I.CV1UtPt.4Bzx/Ppl/s.uziY1qL0FpKFmlZ3O4WH7.TCtIEEe1ja', 'guru', 'sudah digunakan', NULL, '2022-02-05 09:21:46', '2022-02-05 09:23:34'),
(102, 'HAFIZ PUTRA FADHILLAH', 'putra@gmail.com', NULL, '$2y$10$rwILlNhq90ViznovRB92euphwTBR1whamgvSFdkaNO97MhdCcU/.y', 'siswa', NULL, NULL, '2022-02-05 15:53:29', '2022-02-05 15:53:29'),
(103, 'admin', 'admin@test.com', NULL, '$2y$10$4pkXuh0ApAJZlKLPPbMBYOoXippLmQLXqud.9VE0T5c4PHOGjGYzK', 'admin', 'Sudah digunakan', NULL, '2022-02-06 15:22:38', '2022-02-06 15:22:38');

--
-- Indexes for dumped tables
--

--
-- Indexes for table `failed_jobs`
--
ALTER TABLE `failed_jobs`
  ADD PRIMARY KEY (`id`);

--
-- Indexes for table `guru`
--
ALTER TABLE `guru`
  ADD PRIMARY KEY (`id`),
  ADD KEY `guru_user_id_foreign` (`user_id`),
  ADD KEY `guru_mata_pelajaran_id_foreign` (`mata_pelajaran_id`);

--
-- Indexes for table `hari`
--
ALTER TABLE `hari`
  ADD PRIMARY KEY (`id`);

--
-- Indexes for table `hasil_pembelajaran`
--
ALTER TABLE `hasil_pembelajaran`
  ADD PRIMARY KEY (`id`),
  ADD KEY `hasil_pembelajaran_jadwal_siswa_id_foreign` (`jadwal_siswa_id`);

--
-- Indexes for table `jadwal`
--
ALTER TABLE `jadwal`
  ADD PRIMARY KEY (`id`),
  ADD KEY `jadwal_mata_pelajaran_id_foreign` (`mata_pelajaran_id`),
  ADD KEY `jadwal_kelas_id_foreign` (`kelas_id`),
  ADD KEY `jadwal_guru_id_foreign` (`guru_id`),
  ADD KEY `jadwal_hari_id_foreign` (`hari_id`),
  ADD KEY `jadwal_semester_id_foreign` (`semester_id`);

--
-- Indexes for table `jadwal_siswa`
--
ALTER TABLE `jadwal_siswa`
  ADD PRIMARY KEY (`id`),
  ADD KEY `jadwal_siswa_siswa_id_foreign` (`siswa_id`),
  ADD KEY `jadwal_siswa_jadwal_id_foreign` (`jadwal_id`);

--
-- Indexes for table `kelas`
--
ALTER TABLE `kelas`
  ADD PRIMARY KEY (`id`),
  ADD KEY `kelas_guru_id_foreign` (`guru_id`);

--
-- Indexes for table `mata_pelajaran`
--
ALTER TABLE `mata_pelajaran`
  ADD PRIMARY KEY (`id`);

--
-- Indexes for table `migrations`
--
ALTER TABLE `migrations`
  ADD PRIMARY KEY (`id`);

--
-- Indexes for table `password_resets`
--
ALTER TABLE `password_resets`
  ADD KEY `password_resets_email_index` (`email`);

--
-- Indexes for table `pembayaran_administrasi`
--
ALTER TABLE `pembayaran_administrasi`
  ADD PRIMARY KEY (`id`);

--
-- Indexes for table `semester`
--
ALTER TABLE `semester`
  ADD PRIMARY KEY (`id`);

--
-- Indexes for table `siswa`
--
ALTER TABLE `siswa`
  ADD PRIMARY KEY (`id`);

--
-- Indexes for table `taghan_administrasi_siswa`
--
ALTER TABLE `taghan_administrasi_siswa`
  ADD PRIMARY KEY (`id`);

--
-- Indexes for table `tahun`
--
ALTER TABLE `tahun`
  ADD PRIMARY KEY (`id`);

--
-- Indexes for table `users`
--
ALTER TABLE `users`
  ADD PRIMARY KEY (`id`),
  ADD UNIQUE KEY `users_email_unique` (`email`);

--
-- AUTO_INCREMENT for dumped tables
--

--
-- AUTO_INCREMENT for table `failed_jobs`
--
ALTER TABLE `failed_jobs`
  MODIFY `id` bigint(20) UNSIGNED NOT NULL AUTO_INCREMENT;

--
-- AUTO_INCREMENT for table `guru`
--
ALTER TABLE `guru`
  MODIFY `id` bigint(20) UNSIGNED NOT NULL AUTO_INCREMENT, AUTO_INCREMENT=19;

--
-- AUTO_INCREMENT for table `hari`
--
ALTER TABLE `hari`
  MODIFY `id` bigint(20) UNSIGNED NOT NULL AUTO_INCREMENT, AUTO_INCREMENT=6;

--
-- AUTO_INCREMENT for table `hasil_pembelajaran`
--
ALTER TABLE `hasil_pembelajaran`
  MODIFY `id` bigint(20) UNSIGNED NOT NULL AUTO_INCREMENT, AUTO_INCREMENT=152;

--
-- AUTO_INCREMENT for table `jadwal`
--
ALTER TABLE `jadwal`
  MODIFY `id` bigint(20) UNSIGNED NOT NULL AUTO_INCREMENT, AUTO_INCREMENT=100;

--
-- AUTO_INCREMENT for table `jadwal_siswa`
--
ALTER TABLE `jadwal_siswa`
  MODIFY `id` bigint(20) UNSIGNED NOT NULL AUTO_INCREMENT, AUTO_INCREMENT=426;

--
-- AUTO_INCREMENT for table `kelas`
--
ALTER TABLE `kelas`
  MODIFY `id` bigint(20) UNSIGNED NOT NULL AUTO_INCREMENT, AUTO_INCREMENT=6;

--
-- AUTO_INCREMENT for table `mata_pelajaran`
--
ALTER TABLE `mata_pelajaran`
  MODIFY `id` bigint(20) UNSIGNED NOT NULL AUTO_INCREMENT, AUTO_INCREMENT=27;

--
-- AUTO_INCREMENT for table `migrations`
--
ALTER TABLE `migrations`
  MODIFY `id` int(10) UNSIGNED NOT NULL AUTO_INCREMENT, AUTO_INCREMENT=16;

--
-- AUTO_INCREMENT for table `pembayaran_administrasi`
--
ALTER TABLE `pembayaran_administrasi`
  MODIFY `id` bigint(20) UNSIGNED NOT NULL AUTO_INCREMENT, AUTO_INCREMENT=9;

--
-- AUTO_INCREMENT for table `semester`
--
ALTER TABLE `semester`
  MODIFY `id` bigint(20) UNSIGNED NOT NULL AUTO_INCREMENT, AUTO_INCREMENT=5;

--
-- AUTO_INCREMENT for table `siswa`
--
ALTER TABLE `siswa`
  MODIFY `id` bigint(20) UNSIGNED NOT NULL AUTO_INCREMENT, AUTO_INCREMENT=60;

--
-- AUTO_INCREMENT for table `taghan_administrasi_siswa`
--
ALTER TABLE `taghan_administrasi_siswa`
  MODIFY `id` bigint(20) UNSIGNED NOT NULL AUTO_INCREMENT, AUTO_INCREMENT=22;

--
-- AUTO_INCREMENT for table `tahun`
--
ALTER TABLE `tahun`
  MODIFY `id` bigint(20) UNSIGNED NOT NULL AUTO_INCREMENT, AUTO_INCREMENT=5;

--
-- AUTO_INCREMENT for table `users`
--
ALTER TABLE `users`
  MODIFY `id` bigint(20) UNSIGNED NOT NULL AUTO_INCREMENT, AUTO_INCREMENT=104;

--
-- Constraints for dumped tables
--

--
-- Constraints for table `guru`
--
ALTER TABLE `guru`
  ADD CONSTRAINT `guru_mata_pelajaran_id_foreign` FOREIGN KEY (`mata_pelajaran_id`) REFERENCES `mata_pelajaran` (`id`) ON DELETE CASCADE ON UPDATE CASCADE,
  ADD CONSTRAINT `guru_user_id_foreign` FOREIGN KEY (`user_id`) REFERENCES `users` (`id`) ON DELETE CASCADE ON UPDATE CASCADE;

--
-- Constraints for table `hasil_pembelajaran`
--
ALTER TABLE `hasil_pembelajaran`
  ADD CONSTRAINT `hasil_pembelajaran_jadwal_siswa_id_foreign` FOREIGN KEY (`jadwal_siswa_id`) REFERENCES `jadwal_siswa` (`id`) ON DELETE CASCADE ON UPDATE CASCADE;

--
-- Constraints for table `jadwal`
--
ALTER TABLE `jadwal`
  ADD CONSTRAINT `jadwal_guru_id_foreign` FOREIGN KEY (`guru_id`) REFERENCES `guru` (`id`) ON DELETE CASCADE ON UPDATE CASCADE,
  ADD CONSTRAINT `jadwal_hari_id_foreign` FOREIGN KEY (`hari_id`) REFERENCES `hari` (`id`) ON DELETE CASCADE ON UPDATE CASCADE,
  ADD CONSTRAINT `jadwal_kelas_id_foreign` FOREIGN KEY (`kelas_id`) REFERENCES `kelas` (`id`) ON DELETE CASCADE ON UPDATE CASCADE,
  ADD CONSTRAINT `jadwal_mata_pelajaran_id_foreign` FOREIGN KEY (`mata_pelajaran_id`) REFERENCES `mata_pelajaran` (`id`) ON DELETE CASCADE ON UPDATE CASCADE,
  ADD CONSTRAINT `jadwal_semester_id_foreign` FOREIGN KEY (`semester_id`) REFERENCES `semester` (`id`) ON DELETE CASCADE ON UPDATE CASCADE;

--
-- Constraints for table `jadwal_siswa`
--
ALTER TABLE `jadwal_siswa`
  ADD CONSTRAINT `jadwal_siswa_jadwal_id_foreign` FOREIGN KEY (`jadwal_id`) REFERENCES `jadwal` (`id`) ON DELETE CASCADE ON UPDATE CASCADE,
  ADD CONSTRAINT `jadwal_siswa_siswa_id_foreign` FOREIGN KEY (`siswa_id`) REFERENCES `siswa` (`id`) ON DELETE CASCADE ON UPDATE CASCADE;

--
-- Constraints for table `kelas`
--
ALTER TABLE `kelas`
  ADD CONSTRAINT `kelas_guru_id_foreign` FOREIGN KEY (`guru_id`) REFERENCES `guru` (`id`) ON DELETE CASCADE ON UPDATE CASCADE;
COMMIT;

/*!40101 SET CHARACTER_SET_CLIENT=@OLD_CHARACTER_SET_CLIENT */;
/*!40101 SET CHARACTER_SET_RESULTS=@OLD_CHARACTER_SET_RESULTS */;
/*!40101 SET COLLATION_CONNECTION=@OLD_COLLATION_CONNECTION */;
